scan_ts_kst,date,ticker,name,market,sector,bar_date,close,volume,avg_vol20,atr14,market_cap,tech,macro,filing,value,total,consensus,signal,ev,target,hitl,source,asset_type,flow,regime,exchange
2026-08-28T09:22:27.663722+09:00,2026-08-28,SPY,State Street SPDR S&P 500 ETF,US,미분류,2026-08-27,771.1,34017770,41015358.5,4.8432,821405196069,58,60,,,51,0,HOLD,0.12,1,False,live,ETF,40,NEUTRAL,AMEX
2026-08-28T09:22:27.663722+09:00,2026-08-28,VXUS,Vanguard Total International Stock ETF,US,미분류,2026-08-27,87.93,4516345,4907392.25,0.6996,675836133341,87,60,,,65,1,WATCH,0.75,9,False,live,ETF,32,NEUTRAL,NASDAQ
2026-08-28T09:22:27.663722+09:00,2026-08-28,QQQ,"Invesco QQQ Trust, Series 1",US,미분류,2026-08-27,721.11,28443051,34055587.55,8.0707,513816352537,58,60,,,54,0,HOLD,0.16,2,False,live,ETF,49,NEUTRAL,NASDAQ
2026-08-28T09:22:27.663722+09:00,2026-08-28,VUG,Vanguard Morningstar Growth ETF,US,미분류,2026-08-27,88.9,4682892,5843689.6,0.8936,395721586660,58,60,,,48,0,HOLD,-0.0,0,False,live,ETF,32,NEUTRAL,AMEX
2026-08-28T09:22:27.663722+09:00,2026-08-28,VEA,Vanguard FTSE Developed Markets ETF,US,미분류,2026-08-27,73.42,9046134,9361216.7,0.6068,328015048532,58,60,,,56,0,HOLD,0.28,3,False,live,ETF,54,NEUTRAL,AMEX
2026-08-28T09:22:27.663722+09:00,2026-08-28,VTV,Vanguard Morningstar Value ETF,US,미분류,2026-08-27,225.45,1769275,2588423.75,1.3979,260627540877,69,60,,,71,1,WATCH,0.82,10,False,live,ETF,75,NEUTRAL,AMEX
2026-08-28T09:22:27.663722+09:00,2026-08-28,VO,Vanguard Morningstar Mid-Cap ETF,US,미분류,2026-08-27,83.09,2349965,2494473.25,0.5921,230006920335,62,60,,,48,0,HOLD,0.12,1,False,live,ETF,26,NEUTRAL,AMEX
2026-08-28T09:22:27.663722+09:00,2026-08-28,VB,Vanguard Morningstar Small-Cap ETF,US,미분류,2026-08-27,304.28,806809,460010.45,2.4821,194467035537,43,60,,,50,0,HOLD,-0.0,0,False,live,ETF,61,NEUTRAL,AMEX
2026-08-28T09:22:27.663722+09:00,2026-08-28,VWO,Vanguard FTSE Emerging Markets ETF,US,미분류,2026-08-27,61.01,4589374,6401158.7,0.5041,170331596223,84,60,,,76,1,WATCH,1.0,12,False,live,ETF,63,NEUTRAL,AMEX
2026-08-28T09:22:27.663722+09:00,2026-08-28,SPCK,SPAC and New Issue ETF,US,금융,2026-08-27,22.125,1447,2902.35,0.2969,167517158625,43,60,,,42,0,AVOID,-0.28,-3,True,live,ETF,40,NEUTRAL,NASDAQ
2026-08-28T09:22:27.663722+09:00,2026-08-28,IWF,iShares Russell 1000 Growth ETF,US,미분류,2026-08-27,123.89,3814722,3233796.1,1.3989,134961956630,58,60,,,44,0,AVOID,-0.13,-2,True,live,ETF,23,NEUTRAL,AMEX
2026-08-28T09:22:27.663722+09:00,2026-08-28,VIG,Vanguard Dividend Appreciation ETF,US,미분류,2026-08-27,243.23,1161805,914095.25,1.3843,131682698570,43,60,,,56,1,HOLD,0.15,2,False,live,ETF,75,NEUTRAL,AMEX
2026-08-28T09:22:27.663722+09:00,2026-08-28,IJH,iShares Core S&P Mid-Cap ETF,US,미분류,2026-08-27,76.65,3851149,6005572.45,0.6596,124704384020,40,60,,,49,0,HOLD,-0.07,-1,False,live,ETF,63,NEUTRAL,AMEX
2026-08-28T09:22:27.663722+09:00,2026-08-28,XLK,State Street Technology Select Sector SP,US,IT,2026-08-27,188.61,8125501,6829835.05,3.33,123353703325,58,60,,,50,0,HOLD,0.05,1,False,live,ETF,38,NEUTRAL,AMEX
2026-08-28T09:22:27.663722+09:00,2026-08-28,IJR,iShares Core S&P Small-Cap ETF,US,미분류,2026-08-27,146.78,2132997,2459294.85,1.2393,110500949714,44,60,,,47,0,HOLD,-0.04,0,False,live,ETF,52,NEUTRAL,AMEX
2026-08-28T09:22:27.663722+09:00,2026-08-28,VXF,Vanguard Extended Market ETF,US,미분류,2026-08-27,245.65,401073,410658.65,2.065,101679088614,58,60,,,66,1,WATCH,0.53,6,False,live,ETF,77,NEUTRAL,AMEX
2026-08-28T09:22:27.663722+09:00,2026-08-28,VT,Vanguard Total World Stock ETF,US,미분류,2026-08-27,161.57,2013643,2445877.15,1.0186,100261739528,58,60,,,45,0,HOLD,-0.02,0,False,live,ETF,26,NEUTRAL,AMEX
2026-08-28T09:22:27.663722+09:00,2026-08-28,SCHD,Schwab U.S. Dividend Equity ETF,US,미분류,2026-08-27,34.83,25676777,23051293.85,0.3163,99683638330,69,60,,,75,1,WATCH,0.93,11,False,live,ETF,84,NEUTRAL,AMEX
2026-08-28T09:22:27.663722+09:00,2026-08-28,RSP,Invesco S&P 500 Equal Weight ETF,US,미분류,2026-08-27,221.45,5196680,6257499.0,1.5657,99643332634,69,60,,,69,0,HOLD,0.74,9,False,live,ETF,68,NEUTRAL,AMEX
2026-08-28T09:22:27.663722+09:00,2026-08-28,VYM,Vanguard High Dividend Yield ETF,US,미분류,2026-08-27,164.41,976320,1023381.0,0.9521,97671180886,43,60,,,53,0,HOLD,0.08,1,False,live,ETF,69,NEUTRAL,AMEX
2026-08-28T09:22:27.663722+09:00,2026-08-28,IWM,iShares Russell 2000 ETF,US,미분류,2026-08-27,299.81,13640283,17170524.15,2.5989,82462596291,43,60,,,41,0,AVOID,-0.26,-3,True,live,ETF,37,NEUTRAL,AMEX
2026-08-28T09:22:27.663722+09:00,2026-08-28,IWD,iShares Russell 1000 Value ETF,US,미분류,2026-08-27,257.58,1101672,1457028.6,1.5607,80797542685,62,60,,,62,0,HOLD,0.54,6,False,live,ETF,63,NEUTRAL,AMEX
2026-08-28T09:22:27.663722+09:00,2026-08-28,EFA,iShares MSCI EAFE ETF,US,미분류,2026-08-27,108.02,5371933,8808266.65,0.6986,78655712604,58,60,,,56,0,HOLD,0.28,3,False,live,ETF,52,NEUTRAL,AMEX
2026-08-28T09:22:27.663722+09:00,2026-08-28,SMH,VanEck Semiconductor ETF,US,IT,2026-08-27,573.0,6482777,7473408.85,15.015,72221348604,43,60,,,38,0,AVOID,-0.44,-5,True,live,ETF,30,NEUTRAL,NASDAQ
2026-08-28T09:22:27.663722+09:00,2026-08-28,VBR,Vanguard Morningstar Small-Cap Value ETF,US,미분류,2026-08-27,248.36,673254,276807.7,2.0954,68818112883,47,60,,,53,0,HOLD,0.13,2,False,live,ETF,61,NEUTRAL,AMEX
2026-08-28T09:22:27.663722+09:00,2026-08-28,SCHF,Schwab International Equity ETF,US,미분류,2026-08-27,28.42,6000138,6421376.9,0.2375,68184865949,58,60,,,59,0,HOLD,0.35,4,False,live,ETF,61,NEUTRAL,AMEX
2026-08-28T09:22:27.663722+09:00,2026-08-28,SCHG,Schwab U.S. Large-Cap Growth ETF,US,미분류,2026-08-27,35.86,7281407,6316310.35,0.3171,62027309372,58,60,,,59,0,HOLD,0.33,4,False,live,ETF,60,NEUTRAL,AMEX
2026-08-28T09:22:27.663722+09:00,2026-08-28,IXUS,iShares Core MSCI Total International St,US,미분류,2026-08-27,98.17,2111872,2077668.6,0.7884,60372921360,87,60,,,77,1,WATCH,1.06,13,False,live,ETF,61,NEUTRAL,NASDAQ
2026-08-28T09:22:27.663722+09:00,2026-08-28,XLF,State Street Financial Select Sector SPD,US,금융,2026-08-27,57.88,26065932,27973411.6,0.5529,58850305876,62,60,,,65,0,HOLD,0.66,8,False,live,ETF,69,NEUTRAL,AMEX
2026-08-28T09:22:27.663722+09:00,2026-08-28,IWR,iShares Russell Mid-Cap ETF,US,미분류,2026-08-27,113.31,1100472,1222773.6,0.7686,58137648773,62,60,,,55,0,HOLD,0.32,4,False,live,ETF,45,NEUTRAL,AMEX
2026-08-28T09:22:27.663722+09:00,2026-08-28,SPYG,State Street SPDR Portfolio S&P 500 Grow,US,미분류,2026-08-27,121.84,2225169,2559798.45,1.2036,54290719715,58,60,,,60,0,HOLD,0.34,4,False,live,ETF,63,NEUTRAL,AMEX
2026-08-28T09:22:27.663722+09:00,2026-08-28,IVE,iShares S&P 500 Value ETF,US,미분류,2026-08-27,237.05,485800,548335.0,1.4336,50113009087,65,60,,,66,0,HOLD,0.62,7,False,live,ETF,68,NEUTRAL,AMEX
2026-08-28T09:22:27.663722+09:00,2026-08-28,VBK,Vanguard Morningstar Small-Cap Growth ET,US,미분류,2026-08-27,358.96,170388,172909.4,3.7514,49575176965,58,60,,,51,0,HOLD,0.11,1,False,live,ETF,40,NEUTRAL,AMEX
2026-08-28T09:22:27.663722+09:00,2026-08-28,DFAC,Dimensional - US Core Equity 2 ETF,US,미분류,2026-08-27,45.77,2224191,1942729.55,0.2686,48784098996,58,60,,,59,0,HOLD,0.36,4,False,live,ETF,61,NEUTRAL,AMEX
2026-08-28T09:22:27.663722+09:00,2026-08-28,SOXX,iShares Semiconductor ETF,US,IT,2026-08-27,525.43,8914905,7749175.25,16.2471,46579103107,28,60,,,31,0,AVOID,-0.79,-9,True,live,ETF,36,NEUTRAL,NASDAQ
2026-08-28T09:22:27.663722+09:00,2026-08-28,JEPI,JPMorgan Equity Premium Income ETF,US,미분류,2026-08-27,57.85,4830059,4490052.95,0.2217,45105686363,69,60,,,77,1,WATCH,0.96,12,False,live,ETF,90,NEUTRAL,AMEX
2026-08-28T09:22:27.663722+09:00,2026-08-28,DIA,State Street SPDR Dow Jones Industrial A,US,미분류,2026-08-27,535.22,2399101,3316490.05,3.5822,44989798398,62,60,,,62,0,HOLD,0.48,6,False,live,ETF,61,NEUTRAL,AMEX
2026-08-28T09:22:27.663722+09:00,2026-08-28,XLV,State Street Health Care Select Sector S,US,제약/바이오,2026-08-27,171.58,7087785,8805849.25,2.7493,44071886265,91,65,,,85,2,STRONG_BUY,1.49,18,True,live,ETF,77,NEUTRAL,AMEX
2026-08-28T09:22:27.663722+09:00,2026-08-28,JEPQ,JPMorgan Nasdaq Equity Premium Income ET,US,미분류,2026-08-27,60.31,4562136,5844171.8,0.4277,42127979907,65,60,,,61,0,HOLD,0.44,5,False,live,ETF,55,NEUTRAL,NASDAQ
2026-08-28T09:22:27.663722+09:00,2026-08-28,DGRO,iShares Core Dividend Growth ETF,US,미분류,2026-08-27,79.28,1222076,1224158.8,0.5112,41754687210,47,60,,,58,1,HOLD,0.27,3,False,live,ETF,75,NEUTRAL,AMEX
2026-08-28T09:22:27.663722+09:00,2026-08-28,XLE,State Street Energy Select Sector SPDR E,US,에너지,2026-08-27,62.29,29517010,26080050.5,1.1886,41027136330,54,60,,,66,1,WATCH,0.61,7,False,live,ETF,84,NEUTRAL,AMEX
2026-08-28T09:22:27.663722+09:00,2026-08-28,DYNF,iShares U.S. Equity Factor Rotation Acti,US,미분류,2026-08-27,69.72,1752110,2361045.5,0.4568,39922449448,58,60,,,57,0,HOLD,0.3,4,False,live,ETF,55,NEUTRAL,AMEX
2026-08-28T09:22:27.663722+09:00,2026-08-28,VGK,Vanguard FTSE Europe ETF,US,미분류,2026-08-27,92.28,1482825,1846421.25,0.5507,38568955687,62,60,,,62,0,HOLD,0.5,6,False,live,ETF,63,NEUTRAL,AMEX
2026-08-28T09:22:27.663722+09:00,2026-08-28,VOE,Vanguard Morningstar Mid-Cap Value ETF,US,미분류,2026-08-27,208.31,636155,275442.75,1.5254,37888720988,69,60,,,69,0,HOLD,0.77,9,False,live,ETF,69,NEUTRAL,AMEX
2026-08-28T09:22:27.663722+09:00,2026-08-28,CGDV,Capital Group Dividend Value ETF,US,미분류,2026-08-27,50.45,2606873,3199193.65,0.3217,37849866556,40,60,,,37,0,AVOID,-0.38,-5,True,live,ETF,32,NEUTRAL,AMEX
2026-08-28T09:22:27.663722+09:00,2026-08-28,SPYV,State Street SPDR Portfolio S&P 500 Valu,US,미분류,2026-08-27,63.48,1412589,1897379.45,0.3918,37010272490,65,60,,,75,1,WATCH,0.85,10,False,live,ETF,90,NEUTRAL,AMEX
2026-08-28T09:22:27.663722+09:00,2026-08-28,VOT,Vanguard Morningstar Mid-Cap Growth ETF,US,미분류,2026-08-27,307.01,157690,159474.5,3.2029,36141417371,58,60,,,41,0,AVOID,-0.12,-1,True,live,ETF,16,NEUTRAL,AMEX
2026-08-28T09:22:27.663722+09:00,2026-08-28,XLI,State Street Industrial Select Sector SP,US,산업재,2026-08-27,178.8,5462671,6023433.55,2.1507,32706770791,35,60,,,40,0,AVOID,-0.34,-4,True,live,ETF,48,NEUTRAL,AMEX
2026-08-28T09:22:27.663722+09:00,2026-08-28,GTOP,Goldman Sachs Technology Opportunities E,US,미분류,2026-08-27,49.135,8614,16830.7,0.5932,32607596105,51,60,,,47,0,HOLD,-0.08,-1,False,live,ETF,40,NEUTRAL,NASDAQ
2026-08-28T09:22:27.663722+09:00,2026-08-28,EEM,iShares MSCI Emerging Markets ETF,US,미분류,2026-08-27,67.61,10746987,18472824.35,0.9607,31636225486,87,60,,,79,1,WATCH,1.07,13,False,live,ETF,67,NEUTRAL,AMEX
2026-08-28T09:22:27.663722+09:00,2026-08-28,AVUV,Avantis U.S. Small Cap Value ETF,US,미분류,2026-08-27,126.02,1344470,1225153.5,1.0689,29233507647,47,60,,,58,1,HOLD,0.26,3,False,live,ETF,75,NEUTRAL,AMEX
2026-08-28T09:22:27.663722+09:00,2026-08-28,EMXC,iShares MSCI Emerging Markets ex China E,US,미분류,2026-08-27,99.1,998479,1746918.95,1.6882,27659511925,72,60,,,58,1,HOLD,0.37,4,False,live,ETF,36,NEUTRAL,NASDAQ
2026-08-28T09:22:27.663722+09:00,2026-08-28,FBND,Fidelity Total Bond ETF,US,산업재,2026-08-27,45.09,2283868,3535828.4,0.2081,26860704265,65,60,,,65,0,HOLD,0.51,6,False,live,ETF,64,NEUTRAL,AMEX
2026-08-28T09:22:27.663722+09:00,2026-08-28,FNDX,Schwab Fundamental U.S. Large Company ET,US,미분류,2026-08-27,32.46,2780117,2156355.85,0.1989,26544946734,62,60,,,64,0,HOLD,0.53,6,False,live,ETF,66,NEUTRAL,AMEX
2026-08-28T09:22:27.663722+09:00,2026-08-28,CGGR,Capital Group Growth ETF,US,미분류,2026-08-27,47.26,2456923,2662926.15,0.4814,26147871304,80,60,,,64,1,WATCH,0.62,7,False,live,ETF,40,NEUTRAL,AMEX
2026-08-28T09:22:27.663722+09:00,2026-08-28,IYW,iShares U.S. Technology ETF,US,미분류,2026-08-27,253.81,409349,497397.45,3.6971,25140030502,58,60,,,53,0,HOLD,0.15,2,False,live,ETF,45,NEUTRAL,AMEX
2026-08-28T09:22:27.663722+09:00,2026-08-28,SCHA,Schwab U.S. Small-Cap ETF,US,미분류,2026-08-27,34.77,2365333,1941431.65,0.3757,25050560296,43,60,,,39,0,AVOID,-0.31,-4,True,live,ETF,34,NEUTRAL,AMEX
2026-08-28T09:22:27.663722+09:00,2026-08-28,RDVY,First Trust Rising Dividend Achievers ET,US,미분류,2026-08-27,82.41,1284474,1087428.7,0.5872,24891162550,44,60,,,51,0,HOLD,0.1,1,False,live,ETF,61,NEUTRAL,NASDAQ
2026-08-28T09:22:27.663722+09:00,2026-08-28,FNDF,Schwab Fundamental International Large C,US,미분류,2026-08-27,55.54,2576139,1461601.95,0.4175,24543264517,58,60,,,59,0,HOLD,0.35,4,False,live,ETF,61,NEUTRAL,AMEX
2026-08-28T09:22:27.663722+09:00,2026-08-28,DVY,iShares Select Dividend ETF,US,미분류,2026-08-27,163.85,222329,306141.45,1.4196,23856959302,69,60,,,59,0,HOLD,0.5,6,False,live,ETF,45,NEUTRAL,NASDAQ
2026-08-28T09:22:27.663722+09:00,2026-08-28,XLC,State Street Communication Services Sele,US,인터넷,2026-08-27,111.41,4419088,4373394.4,1.4325,22920256972,73,65,,,68,1,WATCH,0.62,7,False,live,ETF,60,NEUTRAL,AMEX
2026-08-28T09:22:27.663722+09:00,2026-08-28,EWJ,iShares MSCI Japan ETF,US,미분류,2026-08-27,95.84,1723367,3049853.35,1.0336,22598649058,58,60,,,46,0,HOLD,0.02,0,False,live,ETF,29,NEUTRAL,AMEX
2026-08-28T09:22:27.663722+09:00,2026-08-28,XLY,State Street Consumer Discretionary Sele,US,소비재,2026-08-27,115.88,5220236,5977521.8,1.4121,22459039547,43,60,,,51,0,HOLD,-0.09,-1,False,live,ETF,63,NEUTRAL,AMEX
2026-08-28T09:22:27.663722+09:00,2026-08-28,XLU,State Street Utilities Select Sector SPD,US,유틸리티,2026-08-27,43.18,16005821,19692931.05,0.5557,22351873447,31,60,,,32,0,AVOID,-0.67,-8,True,live,ETF,33,NEUTRAL,AMEX
2026-08-28T09:22:27.663722+09:00,2026-08-28,SDY,State Street SPDR S&P Dividend ETF,US,미분류,2026-08-27,157.51,281347,208122.35,1.295,21743182227,47,60,,,52,0,HOLD,0.11,1,False,live,ETF,60,NEUTRAL,AMEX
2026-08-28T09:22:27.663722+09:00,2026-08-28,VHT,Vanguard Health Care ETF,US,제약/바이오,2026-08-27,322.93,176898,207984.9,4.8443,21608817677,91,65,,,85,2,STRONG_BUY,1.49,18,True,live,ETF,77,NEUTRAL,AMEX
2026-08-28T09:22:27.663722+09:00,2026-08-28,VYMI,Vanguard International High Dividend Yie,US,미분류,2026-08-27,105.08,1151383,799629.15,0.6171,20748348000,62,60,,,59,0,HOLD,0.43,5,False,live,ETF,55,NEUTRAL,NASDAQ
2026-08-28T09:22:27.663722+09:00,2026-08-28,IWP,iShares Russell Mid-Cap Growth ETF,US,미분류,2026-08-27,143.34,356891,847659.55,1.6964,20633949384,43,60,,,39,0,AVOID,-0.35,-4,True,live,ETF,32,NEUTRAL,AMEX
2026-08-28T09:22:27.663722+09:00,2026-08-28,SPHQ,Invesco S&P 500 Quality ETF,US,미분류,2026-08-27,86.15,975877,1563583.85,0.77,20604769112,28,60,,,27,0,AVOID,-0.78,-9,True,live,ETF,26,NEUTRAL,AMEX
2026-08-28T09:22:27.663722+09:00,2026-08-28,AVDV,Avantis International Small Cap Value ET,US,미분류,2026-08-27,113.13,738591,830019.55,0.8846,20445048749,77,60,,,79,2,BUY,1.06,13,False,live,ETF,83,NEUTRAL,AMEX
2026-08-28T09:22:27.663722+09:00,2026-08-28,OEF,iShares S&P 100 ETF,US,미분류,2026-08-27,380.89,280020,198391.0,2.7076,20371942405,58,60,,,59,0,HOLD,0.32,4,False,live,ETF,60,NEUTRAL,AMEX
2026-08-28T09:22:27.663722+09:00,2026-08-28,DFIV,Dimensional - International Value ETF,US,미분류,2026-08-27,58.01,972546,1125217.3,0.3331,20134835171,62,60,,,65,0,HOLD,0.57,7,False,live,ETF,69,NEUTRAL,AMEX
2026-08-28T09:22:27.663722+09:00,2026-08-28,AVDE,Avantis International Equity ETF,US,미분류,2026-08-27,94.29,731099,983974.95,0.6086,17778542622,58,60,,,59,0,HOLD,0.37,4,False,live,ETF,61,NEUTRAL,AMEX
2026-08-28T09:22:27.663722+09:00,2026-08-28,DGRW,WisdomTree U.S. Quality Dividend Growth ,US,미분류,2026-08-27,99.66,421807,575295.35,0.5619,17159367412,58,60,,,62,0,HOLD,0.41,5,False,live,ETF,67,NEUTRAL,NASDAQ
2026-08-28T09:22:27.663722+09:00,2026-08-28,SCHV,Schwab U.S. Large-Cap Value ETF,US,미분류,2026-08-27,34.77,2289849,3231662.45,0.2257,16262677598,43,60,,,47,0,HOLD,-0.08,-1,False,live,ETF,54,NEUTRAL,AMEX
2026-08-28T09:22:27.663722+09:00,2026-08-28,IWS,iShares Russell Mid-Cap Value ETF,US,미분류,2026-08-27,171.85,256445,387567.25,1.2321,15999528176,62,60,,,68,1,WATCH,0.69,8,False,live,ETF,78,NEUTRAL,AMEX
2026-08-28T09:22:27.663722+09:00,2026-08-28,SCHM,Schwab U.S. Mid-Cap ETF,US,미분류,2026-08-27,36.03,1465182,928854.1,0.3582,15916399214,58,60,,,46,0,HOLD,0.01,0,False,live,ETF,29,NEUTRAL,AMEX
2026-08-28T09:22:27.663722+09:00,2026-08-28,GSLC,Goldman Sachs ActiveBeta U.S. Large Cap ,US,미분류,2026-08-27,147.29,168996,252484.8,0.8617,15876169785,58,60,,,41,0,AVOID,-0.12,-1,True,live,ETF,16,NEUTRAL,AMEX
2026-08-28T09:22:27.663722+09:00,2026-08-28,DFUV,Dimensional - US Marketwide Value ETF,US,미분류,2026-08-27,57.12,1350370,450333.5,0.3478,15748444273,62,60,,,58,0,HOLD,0.4,5,False,live,ETF,51,NEUTRAL,AMEX
2026-08-28T09:22:27.663722+09:00,2026-08-28,DFAS,Dimensional - US Small Cap ETF,US,미분류,2026-08-27,82.8,325020,415101.0,0.6456,15577135020,47,60,,,49,0,HOLD,0.02,0,False,live,ETF,52,NEUTRAL,AMEX
2026-08-28T09:22:27.663722+09:00,2026-08-28,SPMO,Invesco S&P 500 Momentum ETF,US,미분류,2026-08-27,148.6,1542419,1836240.95,2.6207,15388588775,28,60,,,32,0,AVOID,-0.67,-8,True,live,ETF,39,NEUTRAL,AMEX
2026-08-28T09:22:27.663722+09:00,2026-08-28,IWO,iShares Russell 2000 Growth ETF,US,미분류,2026-08-27,386.9,349253,428402.65,4.2887,14915087082,43,60,,,42,0,AVOID,-0.25,-3,True,live,ETF,40,NEUTRAL,AMEX
2026-08-28T09:22:27.663722+09:00,2026-08-28,VSS,Vanguard FTSE All-World ex-US Small-Cap ,US,미분류,2026-08-27,161.75,139851,233062.55,1.2829,14869120757,87,60,,,76,1,WATCH,1.03,12,False,live,ETF,60,NEUTRAL,AMEX
2026-08-28T09:22:27.663722+09:00,2026-08-28,IWN,iShares Russell 2000 Value ETF,US,미분류,2026-08-27,224.74,258727,424191.35,1.7444,14518293447,47,60,,,58,1,HOLD,0.25,3,False,live,ETF,74,NEUTRAL,AMEX
2026-08-28T09:22:27.663722+09:00,2026-08-28,AVUS,Avantis U.S. Equity ETF,US,미분류,2026-08-27,130.91,245824,276776.2,0.77,14195159348,58,60,,,58,0,HOLD,0.32,4,False,live,ETF,58,NEUTRAL,AMEX
2026-08-28T09:22:27.663722+09:00,2026-08-28,IQLT,iShares MSCI Intl Quality Factor ETF,US,미분류,2026-08-27,51.94,1076750,1177657.5,0.3349,14064646135,62,60,,,68,1,WATCH,0.67,8,False,live,ETF,77,NEUTRAL,AMEX
2026-08-28T09:22:27.663722+09:00,2026-08-28,HDV,iShares Core High Dividend ETF,US,미분류,2026-08-27,29.39,2268021,4617191.05,0.2856,14026502114,69,60,,,62,0,HOLD,0.6,7,False,live,ETF,51,NEUTRAL,AMEX
2026-08-28T09:22:27.663722+09:00,2026-08-28,BAI,iShares A.I. Innovation and Tech Active ,US,IT,2026-08-27,45.2,2725657,2829887.85,1.3093,13906716860,65,60,,,57,0,HOLD,0.18,2,False,live,ETF,44,NEUTRAL,AMEX
2026-08-28T09:22:27.663722+09:00,2026-08-28,QQQI,NEOS Nasdaq-100 High Income ETF,US,미분류,2026-08-27,54.76,3322232,4558356.6,0.445,13803502257,58,60,,,51,0,HOLD,0.09,1,False,live,ETF,41,NEUTRAL,NASDAQ
2026-08-28T09:22:27.663722+09:00,2026-08-28,EWY,iShares MSCI South Korea ETF,US,미분류,2026-08-27,182.14,10141626,17241541.3,6.5279,13769783089,72,60,,,56,1,HOLD,0.21,3,False,live,ETF,33,NEUTRAL,AMEX
2026-08-28T09:22:27.663722+09:00,2026-08-28,PFF,iShares Preferred and Income Securities ,US,미분류,2026-08-27,30.64,2217275,2395793.75,0.1678,13239726676,51,60,,,53,0,HOLD,0.06,1,False,live,ETF,55,NEUTRAL,NASDAQ
2026-08-28T09:22:27.663722+09:00,2026-08-28,DUHP,Dimensional - US High Profitability ETF,US,미분류,2026-08-27,42.56,633569,684388.45,0.2592,12740835697,58,60,,,61,0,HOLD,0.41,5,False,live,ETF,66,NEUTRAL,AMEX
2026-08-28T09:22:27.663722+09:00,2026-08-28,CGGO,Capital Group Global Growth Equity ETF,US,미분류,2026-08-27,40.7,1069251,1116402.55,0.4086,12248131749,58,60,,,44,0,AVOID,-0.1,-1,True,live,ETF,23,NEUTRAL,AMEX
2026-08-28T09:22:27.663722+09:00,2026-08-28,AMLP,Alerian MLP ETF,US,에너지,2026-08-27,55.31,850202,1333525.1,0.6766,12175245167,69,60,,,75,1,WATCH,0.95,11,False,live,ETF,84,NEUTRAL,AMEX
2026-08-28T09:22:27.663722+09:00,2026-08-28,GRID,First Trust NASDAQ Clean Edge Smart Grid,US,미분류,2026-08-27,181.71,475937,684441.85,2.8143,11884107110,40,60,,,48,0,HOLD,-0.2,-2,False,live,ETF,61,NEUTRAL,NASDAQ
2026-08-28T09:22:27.663722+09:00,2026-08-28,EWT,iShares MSCI Taiwan ETF,US,IT,2026-08-27,108.63,4419938,4252991.9,1.9761,11677320788,91,60,,,84,2,STRONG_BUY,1.32,16,True,live,ETF,73,NEUTRAL,AMEX
2026-08-28T09:22:27.663722+09:00,2026-08-28,SDVY,First Trust SMID Cap Rising Dividend Ach,US,미분류,2026-08-27,43.82,833766,882348.3,0.3892,11361435539,47,60,,,51,0,HOLD,0.1,1,False,live,ETF,58,NEUTRAL,NASDAQ
2026-08-28T09:22:27.663722+09:00,2026-08-28,CGUS,Capital Group Core Equity ETF,US,미분류,2026-08-27,45.45,1949334,1204351.7,0.3048,11316310574,40,60,,,34,0,AVOID,-0.47,-6,True,live,ETF,25,NEUTRAL,AMEX
2026-08-28T09:22:27.663722+09:00,2026-08-28,AIQ,Global X - Artificial Intelligence & Tec,US,IT,2026-08-27,64.54,1239598,1304349.9,0.9631,11218203652,87,60,,,71,1,WATCH,0.81,10,False,live,ETF,46,NEUTRAL,NASDAQ
2026-08-28T09:22:27.663722+09:00,2026-08-28,ONEQ,Fidelity Nasdaq Composite Index ETF,US,미분류,2026-08-27,104.52,196472,247618.6,1.07,11177659052,58,60,,,49,0,HOLD,0.03,0,False,live,ETF,36,NEUTRAL,NASDAQ
2026-08-28T09:22:27.663722+09:00,2026-08-28,IJK,iShares S&P Mid-Cap 400 Growth ETF,US,미분류,2026-08-27,115.64,125117,193835.85,1.1421,11048922325,43,60,,,41,0,AVOID,-0.29,-3,True,live,ETF,37,NEUTRAL,AMEX
2026-08-28T09:22:27.663722+09:00,2026-08-28,FENI,Fidelity Enhanced International ETF,US,미분류,2026-08-27,41.52,1014702,1062560.1,0.28,10944184680,43,60,,,49,0,HOLD,-0.04,0,False,live,ETF,58,NEUTRAL,AMEX
2026-08-28T09:22:27.663722+09:00,2026-08-28,SCHH,Schwab U.S. REIT ETF,US,리츠,2026-08-27,23.85,3818942,5069097.1,0.2475,10931555749,28,60,,,44,0,AVOID,-0.31,-4,True,live,ETF,69,NEUTRAL,AMEX
2026-08-28T09:22:27.663722+09:00,2026-08-28,CIBR,First Trust Nasdaq Cybersecurity ETF,US,IT,2026-08-27,100.79,1953044,1613242.2,2.7936,10891150298,69,60,,,63,0,HOLD,0.7,8,False,live,ETF,55,NEUTRAL,NASDAQ
2026-08-28T09:22:27.663722+09:00,2026-08-28,IGM,iShares Expanded Tech Sector ETF,US,IT,2026-08-27,162.6,312091,335349.55,2.4493,10674765446,58,60,,,50,0,HOLD,0.04,0,False,live,ETF,38,NEUTRAL,AMEX
2026-08-28T09:22:27.663722+09:00,2026-08-28,IBB,iShares Biotechnology ETF,US,제약/바이오,2026-08-27,214.8,1271635,1594281.75,4.215,10611081336,85,65,,,87,2,STRONG_BUY,1.48,18,False,live,ETF,90,NEUTRAL,NASDAQ
2026-08-28T09:22:27.663722+09:00,2026-08-28,IGF,iShares Global Infrastructure ETF,US,미분류,2026-08-27,65.6,613106,983795.3,0.5257,10601183762,50,60,,,39,0,AVOID,-0.29,-3,True,live,ETF,23,NEUTRAL,NASDAQ
2026-08-28T09:22:27.663722+09:00,2026-08-28,BGCG,BAILLIE GIFFORD INTERNATIONAL CONCENTRAT,US,미분류,2026-08-27,28.6647,29859,12542.95,0.37,10594473120,80,60,,,64,1,WATCH,0.63,8,False,live,ETF,40,NEUTRAL,NASDAQ
2026-08-28T09:22:27.663722+09:00,2026-08-28,XLG,Invesco S&P 500 Top 50 ETF,US,미분류,2026-08-27,62.66,667151,934032.55,0.52,10392939488,58,60,,,42,0,AVOID,-0.18,-2,True,live,ETF,17,NEUTRAL,AMEX
2026-08-28T09:22:27.663722+09:00,2026-08-28,JGRO,JPMorgan Active Growth ETF,US,미분류,2026-08-27,95.31,612125,563296.25,1.1126,10391445146,58,60,,,49,0,HOLD,-0.01,0,False,live,ETF,35,NEUTRAL,AMEX
2026-08-28T09:22:27.663722+09:00,2026-08-28,FDVV,Fidelity High Dividend ETF ,US,미분류,2026-08-27,63.33,688590,758394.5,0.3802,9870978834,40,60,,,47,0,HOLD,-0.11,-1,False,live,ETF,58,NEUTRAL,AMEX
2026-08-28T09:22:27.663722+09:00,2026-08-28,AIRR,First Trust RBA American Industrial Rena,US,산업재,2026-08-27,112.78,394249,641567.45,2.3694,9806440244,20,60,,,20,0,AVOID,-1.22,-15,True,live,ETF,20,NEUTRAL,NASDAQ
2026-08-28T09:22:27.663722+09:00,2026-08-28,FNDA,Schwab Fundamental U.S. Small Company In,US,미분류,2026-08-27,37.62,1675129,582281.45,0.3135,9446671411,40,60,,,49,0,HOLD,-0.05,-1,False,live,ETF,63,NEUTRAL,AMEX
2026-08-28T09:22:27.663722+09:00,2026-08-28,FNDE,Schwab Fundamental Emerging Markets Larg,US,미분류,2026-08-27,42.08,1502879,946883.95,0.3139,9390021847,84,60,,,71,1,WATCH,0.89,11,False,live,ETF,52,NEUTRAL,AMEX
2026-08-28T09:22:27.663722+09:00,2026-08-28,RWL,Invesco S&P 500 Revenue ETF,US,미분류,2026-08-27,133.91,291924,276716.2,0.8779,9283379848,47,60,,,60,1,WATCH,0.32,4,False,live,ETF,80,NEUTRAL,AMEX
2026-08-28T09:22:27.663722+09:00,2026-08-28,AKRE,Akre Focus ETF,US,미분류,2026-08-27,61.35,877728,399781.4,1.1338,9244224380,81,60,,,77,2,BUY,1.14,14,False,live,ETF,72,NEUTRAL,AMEX
2026-08-28T09:22:27.663722+09:00,2026-08-28,VIGI,Vanguard International Dividend Apprecia,US,미분류,2026-08-27,98.62,191588,250484.4,0.6534,9221376019,62,60,,,60,0,HOLD,0.45,5,False,live,ETF,58,NEUTRAL,NASDAQ
2026-08-28T09:22:27.663722+09:00,2026-08-28,DBEF,Xtrackers MSCI EAFE Hedged Equity ETF,US,미분류,2026-08-27,55.84,364528,386336.4,0.385,9169962883,47,60,,,55,0,HOLD,0.17,2,False,live,ETF,66,NEUTRAL,AMEX
2026-08-28T09:22:27.663722+09:00,2026-08-28,VDC,Vanguard Consumer Staples ETF,US,소매,2026-08-27,229.21,127360,148598.0,2.83,9140920242,46,60,,,46,0,HOLD,-0.11,-1,False,live,ETF,45,NEUTRAL,AMEX
2026-08-28T09:22:27.663722+09:00,2026-08-28,COPX,Global X - Copper Miners ETF,US,소재,2026-08-27,96.45,2139759,3033787.95,2.4557,8934403757,88,60,,,75,1,WATCH,1.11,13,False,live,ETF,55,NEUTRAL,AMEX
2026-08-28T09:22:27.663722+09:00,2026-08-28,IXN,iShares Global Tech ETF,US,IT,2026-08-27,142.66,217954,471702.7,2.4693,8930776355,58,60,,,50,0,HOLD,0.07,1,False,live,ETF,39,NEUTRAL,AMEX
2026-08-28T09:22:27.663722+09:00,2026-08-28,IJJ,iShares S&P Mid-Cap 400 Value ETF,US,미분류,2026-08-27,148.13,132967,149453.35,1.1921,8835756746,40,60,,,47,0,HOLD,-0.1,-1,False,live,ETF,58,NEUTRAL,AMEX
2026-08-28T09:22:27.663722+09:00,2026-08-28,XBI,State Street SPDR S&P Biotech ETF,US,제약/바이오,2026-08-27,168.23,4511044,8310467.2,4.2407,8795976375,95,65,,,93,2,STRONG_BUY,1.72,21,True,live,ETF,90,NEUTRAL,AMEX
2026-08-28T09:22:27.663722+09:00,2026-08-28,VFLO,VictoryShares Free Cash Flow ETF,US,미분류,2026-08-27,55.48,2350328,1967816.4,0.7318,8658474494,76,60,,,83,2,STRONG_BUY,1.29,15,False,live,ETF,93,NEUTRAL,NASDAQ
2026-08-28T09:22:27.663722+09:00,2026-08-28,QYLD,Global X - Nasdaq 100 Covered Call ETF,US,IT,2026-08-27,18.28,7501327,3574561.35,0.0602,8627663387,69,60,,,62,0,HOLD,0.54,6,False,live,ETF,52,NEUTRAL,NASDAQ
2026-08-28T09:22:27.663722+09:00,2026-08-28,XLB,State Street Materials Select Sector SPD,US,소재,2026-08-27,53.23,7591921,10912641.05,0.7471,8603826792,80,60,,,73,1,WATCH,0.93,11,False,live,ETF,63,NEUTRAL,AMEX
2026-08-28T09:22:27.663722+09:00,2026-08-28,IOO,iShares Global 100 ETF,US,미분류,2026-08-27,144.81,189092,367039.6,1.0636,8580846300,58,60,,,64,1,WATCH,0.45,5,False,live,ETF,72,NEUTRAL,AMEX
2026-08-28T09:22:27.663722+09:00,2026-08-28,JQUA,JPMorgan U.S. Quality Factor ETF,US,미분류,2026-08-27,75.24,384176,495778.8,0.4889,8510468329,69,60,,,62,0,HOLD,0.57,7,False,live,ETF,52,NEUTRAL,AMEX
2026-08-28T09:22:27.663722+09:00,2026-08-28,IJS,iShares S&P Small-Cap 600 Value ETF,US,미분류,2026-08-27,138.04,234976,172023.8,1.2111,8289290405,47,60,,,51,0,HOLD,0.08,1,False,live,ETF,57,NEUTRAL,AMEX
2026-08-28T09:22:27.663722+09:00,2026-08-28,URTH,iShares MSCI World ETF,US,미분류,2026-08-27,209.93,251105,458500.25,1.2318,8250409806,58,60,,,46,0,HOLD,0.02,0,False,live,ETF,29,NEUTRAL,AMEX
2026-08-28T09:22:27.663722+09:00,2026-08-28,PPA,Invesco Aerospace & Defense ETF,US,산업재,2026-08-27,171.69,167450,168042.5,2.4432,8131138133,35,60,,,39,0,AVOID,-0.46,-6,True,live,ETF,45,NEUTRAL,AMEX
2026-08-28T09:22:27.663722+09:00,2026-08-28,CORO,iShares International Country Rotation A,US,미분류,2026-08-27,37.22,592418,753670.9,0.3498,8096025245,87,60,,,60,1,WATCH,0.62,7,False,live,ETF,19,NEUTRAL,NASDAQ
2026-08-28T09:22:27.663722+09:00,2026-08-28,IJT,iShares S&P Small-Cap 600 Growth ETF,US,미분류,2026-08-27,173.16,120057,225542.85,1.4975,8095894761,47,60,,,36,0,AVOID,-0.31,-4,True,live,ETF,20,NEUTRAL,NASDAQ
2026-08-28T09:22:27.663722+09:00,2026-08-28,FVD,First Trust Value Line Dividend Index Fu,US,미분류,2026-08-27,50.49,927071,524873.55,0.3843,8093937338,47,60,,,52,0,HOLD,0.13,2,False,live,ETF,60,NEUTRAL,AMEX
2026-08-28T09:22:27.663722+09:00,2026-08-28,XMMO,Invesco S&P MidCap Momentum ETF,US,미분류,2026-08-27,156.95,295535,325556.75,2.5343,8063595980,25,60,,,25,0,AVOID,-0.96,-12,True,live,ETF,26,NEUTRAL,AMEX
2026-08-28T09:22:27.663722+09:00,2026-08-28,XLRE,State Street Real Estate Select Sector S,US,리츠,2026-08-27,44.66,4635340,5198112.0,0.4669,8035001444,43,60,,,39,0,AVOID,-0.31,-4,True,live,ETF,34,NEUTRAL,AMEX
2026-08-28T09:22:27.663722+09:00,2026-08-28,DFSV,Dimensional - US Small Cap Value ETF,US,미분류,2026-08-27,40.06,528188,605329.4,0.3406,8001760263,47,60,,,53,0,HOLD,0.15,2,False,live,ETF,63,NEUTRAL,AMEX
2026-08-28T09:22:27.663722+09:00,2026-08-28,FTCS,First Trust Capital Strength ETF,US,미분류,2026-08-27,101.0,338723,363226.15,0.9314,7818026200,69,60,,,70,1,WATCH,0.8,10,False,live,ETF,71,NEUTRAL,NASDAQ
2026-08-28T09:22:27.663722+09:00,2026-08-28,TCAF,T. Rowe Capital Appreciation Equity ETF,US,미분류,2026-08-27,42.95,456543,567737.15,0.2564,7660674100,58,60,,,61,0,HOLD,0.42,5,False,live,ETF,66,NEUTRAL,AMEX
2026-08-28T09:22:27.663722+09:00,2026-08-28,FMDE,Fidelity Enhanced Mid Cap ETF,US,미분류,2026-08-27,42.46,587589,866769.45,0.3017,7638252152,62,60,,,70,1,WATCH,0.72,9,False,live,ETF,81,NEUTRAL,AMEX
2026-08-28T09:22:27.663722+09:00,2026-08-28,FDL,First Trust Morningstar Dividend Leaders,US,미분류,2026-08-27,52.93,486131,640916.55,0.5096,7493512720,69,60,,,71,1,WATCH,0.82,10,False,live,ETF,75,NEUTRAL,AMEX
2026-08-28T09:22:27.663722+09:00,2026-08-28,DIVO,Amplify CWP Enhanced Dividend Income ETF,US,미분류,2026-08-27,48.63,903844,736742.2,0.2786,7462258571,69,60,,,71,1,WATCH,0.8,10,False,live,ETF,74,NEUTRAL,AMEX
2026-08-28T09:22:27.663722+09:00,2026-08-28,SPYD,State Street SPDR Portfolio S&P 500 High,US,미분류,2026-08-27,49.98,769739,963026.95,0.4775,7412082331,47,60,,,58,1,HOLD,0.26,3,False,live,ETF,74,NEUTRAL,AMEX
2026-08-28T09:22:27.663722+09:00,2026-08-28,DXJ,WisdomTree Japan Hedged Equity Fund,US,미분류,2026-08-27,179.16,155148,202072.4,1.6471,7291919138,62,60,,,66,1,WATCH,0.58,7,False,live,ETF,71,NEUTRAL,AMEX
2026-08-28T09:22:27.663722+09:00,2026-08-28,GUNR,Northern Trust Morningstar Global Upstre,US,미분류,2026-08-27,56.32,174328,861886.4,0.7041,7247250278,76,60,,,63,1,WATCH,0.63,8,False,live,ETF,43,NEUTRAL,AMEX
2026-08-28T09:22:27.663722+09:00,2026-08-28,ESGE,iShares ESG Aware MSCI EM ETF,US,미분류,2026-08-27,54.38,419946,532962.3,0.7711,7211518432,87,60,,,69,1,WATCH,0.81,10,False,live,ETF,41,NEUTRAL,NASDAQ
2026-08-28T09:22:27.663722+09:00,2026-08-28,EWZ,iShares MSCI Brazil ETF,US,미분류,2026-08-27,35.76,16589895,22409704.75,0.6932,7171667607,65,60,,,47,0,HOLD,0.05,1,False,live,ETF,19,NEUTRAL,AMEX
2026-08-28T09:22:27.663722+09:00,2026-08-28,JGLO,JPMorgan Global Select Equity ETF,US,미분류,2026-08-27,73.89,24893,173324.65,0.4478,7041997708,58,60,,,41,0,AVOID,-0.12,-1,True,live,ETF,16,NEUTRAL,NASDAQ
2026-08-28T09:22:27.663722+09:00,2026-08-28,SPLV,Invesco S&P 500 Low Volatility ETF,US,미분류,2026-08-27,75.12,1594941,2111567.05,0.6482,6953705681,43,60,,,36,0,AVOID,-0.36,-4,True,live,ETF,26,NEUTRAL,AMEX
2026-08-28T09:22:27.663722+09:00,2026-08-28,JAVA,JPMorgan Active Value ETF,US,미분류,2026-08-27,82.9,277783,358689.15,0.5121,6792776923,47,60,,,35,0,AVOID,-0.33,-4,True,live,ETF,16,NEUTRAL,AMEX
2026-08-28T09:22:27.663722+09:00,2026-08-28,DFLV,Dimensional - US Large Cap Value ETF,US,미분류,2026-08-27,41.83,457134,564236.7,0.2653,6603675161,69,60,,,71,1,WATCH,0.82,10,False,live,ETF,74,NEUTRAL,AMEX
2026-08-28T09:22:27.663722+09:00,2026-08-28,THRO,iShares U.S. Thematic Rotation Active ET,US,미분류,2026-08-27,43.95,607862,563353.1,0.3074,6588260583,58,60,,,43,0,AVOID,-0.1,-1,True,live,ETF,20,NEUTRAL,AMEX
2026-08-28T09:22:27.663722+09:00,2026-08-28,HIDE,Alpha Architect High Inflation And Defla,US,리츠,2026-08-27,24.7151,48691,51624.55,0.1166,6539100842,72,60,,,59,1,HOLD,0.46,6,False,live,ETF,40,NEUTRAL,NASDAQ
2026-08-28T09:22:27.663722+09:00,2026-08-28,CGXU,Capital Group International Focus Equity,US,미분류,2026-08-27,35.34,933780,818839.0,0.3592,6518336836,87,60,,,70,1,WATCH,0.89,11,False,live,ETF,45,NEUTRAL,AMEX
2026-08-28T09:22:27.663722+09:00,2026-08-28,DLN,WisdomTree U.S. LargeCap Dividend Fund,US,미분류,2026-08-27,100.71,137666,116293.3,0.4625,6279568112,62,60,,,66,1,WATCH,0.59,7,False,live,ETF,72,NEUTRAL,AMEX
2026-08-28T09:22:27.663722+09:00,2026-08-28,EWC,iShares MSCI Canada ETF,US,미분류,2026-08-27,62.26,1399424,1785826.2,0.535,6211598079,69,60,,,68,0,HOLD,0.73,9,False,live,ETF,67,NEUTRAL,AMEX
2026-08-28T09:22:27.663722+09:00,2026-08-28,RECS,Columbia Research Enhanced Core ETF,US,미분류,2026-08-27,45.57,419367,359713.35,0.2882,6115499651,65,60,,,65,0,HOLD,0.59,7,False,live,ETF,66,NEUTRAL,AMEX
2026-08-28T09:22:27.663722+09:00,2026-08-28,VOX,Vanguard Communication Services ETF,US,미분류,2026-08-27,186.22,136160,258778.0,2.3571,6075003105,65,60,,,74,1,WATCH,0.7,8,False,live,ETF,88,NEUTRAL,AMEX
2026-08-28T09:22:27.663722+09:00,2026-08-28,FESM,Fidelity Enhanced Small Cap ETF,US,미분류,2026-08-27,48.04,793560,926793.0,0.4218,6013726370,47,60,,,38,0,AVOID,-0.26,-3,True,live,ETF,25,NEUTRAL,AMEX
2026-08-28T09:22:27.663722+09:00,2026-08-28,GSIE,Goldman Sachs ActiveBeta International E,US,미분류,2026-08-27,48.11,250890,377689.5,0.288,5940976264,62,60,,,64,0,HOLD,0.54,6,False,live,ETF,66,NEUTRAL,AMEX
2026-08-28T09:22:27.663722+09:00,2026-08-28,SIL,Global X - Silver Miners ETF,US,소재,2026-08-27,103.14,946405,1435605.25,3.5143,5884750270,74,60,,,78,2,BUY,1.08,13,False,live,ETF,84,NEUTRAL,AMEX
2026-08-28T09:22:27.663722+09:00,2026-08-28,JHMM,John Hancock Investments - Multifactor M,US,미분류,2026-08-27,75.88,161785,183309.25,0.557,5883584730,43,60,,,35,0,AVOID,-0.41,-5,True,live,ETF,22,NEUTRAL,AMEX
2026-08-28T09:22:27.663722+09:00,2026-08-28,PVAL,Putnam Focused Large Cap Value ETF,US,미분류,2026-08-27,54.15,1296297,1445234.85,0.3539,5808079399,47,60,,,58,1,HOLD,0.29,3,False,live,ETF,75,NEUTRAL,AMEX
2026-08-28T09:22:27.663722+09:00,2026-08-28,MCHI,iShares MSCI China ETF,US,미분류,2026-08-27,54.9,1699379,2314598.95,0.5886,5767824360,40,60,,,52,1,HOLD,-0.02,0,False,live,ETF,71,NEUTRAL,NASDAQ
2026-08-28T09:22:27.663722+09:00,2026-08-28,SCHC,Schwab International Small-Cap Equity ET,US,미분류,2026-08-27,51.86,299354,305917.7,0.4068,5723591080,87,60,,,79,1,WATCH,1.11,13,False,live,ETF,66,NEUTRAL,AMEX
2026-08-28T09:22:27.663722+09:00,2026-08-28,XMHQ,Invesco S&P MidCap Quality ETF,US,미분류,2026-08-27,119.59,125232,147076.6,0.9908,5650019146,69,60,,,71,1,WATCH,0.83,10,False,live,ETF,74,NEUTRAL,AMEX
2026-08-28T09:22:27.663722+09:00,2026-08-28,ETFT,Fundsmith Equity ETF,US,미분류,2026-08-27,10.205,1666,823.3,0.0561,5532689238,73,60,,,60,1,WATCH,0.49,6,False,live,ETF,40,NEUTRAL,AMEX
2026-08-28T09:22:27.663722+09:00,2026-08-28,DSI,iShares ESG MSCI KLD 400 ETF,US,미분류,2026-08-27,148.65,410964,111078.2,1.0786,5526517133,65,60,,,57,0,HOLD,0.37,4,False,live,ETF,45,NEUTRAL,AMEX
2026-08-28T09:22:27.663722+09:00,2026-08-28,KBWB,Invesco KBW Bank ETF,US,금융,2026-08-27,95.98,1003370,1233278.5,1.3086,5410917803,47,60,,,53,0,HOLD,0.18,2,False,live,ETF,61,NEUTRAL,NASDAQ
2026-08-28T09:22:27.663722+09:00,2026-08-28,VMSB,Voya Multi-Sector Income ETF,US,미분류,2026-08-26,49.745,100,8105.0,0.1116,5369173504,80,60,,,64,1,WATCH,0.65,8,False,live,ETF,40,NEUTRAL,AMEX
2026-08-28T09:22:27.663722+09:00,2026-08-28,FDN,First Trust Dow Jones Internet Index Fun,US,미분류,2026-08-27,293.83,131177,291703.85,3.9757,5322086962,65,60,,,70,1,WATCH,0.7,8,False,live,ETF,77,NEUTRAL,AMEX
2026-08-28T09:22:27.663722+09:00,2026-08-28,EUFN,iShares MSCI Europe Financials ETF,US,금융,2026-08-27,42.19,440511,1211700.55,0.3529,5256048089,47,60,,,47,0,HOLD,0.08,1,False,live,ETF,48,NEUTRAL,NASDAQ
2026-08-28T09:22:27.663722+09:00,2026-08-28,CGDG,Capital Group Dividend Growers ETF,US,미분류,2026-08-27,38.77,788327,538126.35,0.2039,5245214352,43,60,,,37,0,AVOID,-0.33,-4,True,live,ETF,29,NEUTRAL,AMEX
2026-08-28T09:22:27.663722+09:00,2026-08-28,KWEB,KraneShares CSI China Internet ETF,US,미분류,2026-08-27,26.1,10068778,19144498.9,0.5074,5166922127,35,60,,,49,1,HOLD,-0.18,-2,False,live,ETF,71,NEUTRAL,AMEX
2026-08-28T09:22:27.663722+09:00,2026-08-28,AIA,iShares Asia 50 ETF,US,미분류,2026-08-27,139.38,165800,389170.0,2.4193,5080531181,87,60,,,85,2,STRONG_BUY,1.22,15,True,live,ETF,82,NEUTRAL,NASDAQ
2026-08-28T09:22:27.663722+09:00,2026-08-28,QLTY,GMO US Quality ETF,US,미분류,2026-08-27,43.43,419338,386501.9,0.2975,4881827281,65,60,,,62,0,HOLD,0.52,6,False,live,ETF,58,NEUTRAL,AMEX
2026-08-28T09:22:27.663722+09:00,2026-08-28,GNR,State Street SPDR S&P Global Natural Res,US,미분류,2026-08-27,78.25,159617,255750.85,0.9629,4849491010,76,60,,,80,2,STRONG_BUY,1.13,14,False,live,ETF,87,NEUTRAL,AMEX
2026-08-28T09:22:27.663722+09:00,2026-08-28,URA,Global X - Uranium ETF,US,미분류,2026-08-27,48.37,3477977,3378128.85,1.505,4829053438,77,60,,,77,2,BUY,0.89,11,False,live,ETF,78,NEUTRAL,AMEX
2026-08-28T09:22:27.663722+09:00,2026-08-28,VAW,Vanguard Materials ETF,US,소재,2026-08-27,239.51,27850,41267.5,3.0671,4819803915,87,60,,,75,1,WATCH,1.04,12,False,live,ETF,58,NEUTRAL,AMEX
2026-08-28T09:22:27.663722+09:00,2026-08-28,SILJ,Amplify Junior Silver Miners ETF,US,소재,2026-08-27,33.16,3040220,4406256.0,1.1711,4686857280,74,60,,,66,1,WATCH,0.74,9,False,live,ETF,55,NEUTRAL,AMEX
2026-08-28T09:22:27.663722+09:00,2026-08-28,XME,State Street SPDR S&P Metals & Mining ET,US,소재,2026-08-27,123.0,1529920,2243591.0,3.4907,4680008304,80,60,,,70,1,WATCH,0.76,9,False,live,ETF,55,NEUTRAL,AMEX
2026-08-28T09:22:27.663722+09:00,2026-08-28,TDIV,First Trust NASDAQ Technology Dividend I,US,IT,2026-08-27,116.44,70800,129150.0,1.3407,4662227326,58,60,,,50,0,HOLD,0.0,0,False,live,ETF,38,NEUTRAL,NASDAQ
2026-08-28T09:22:27.663722+09:00,2026-08-28,SHLD,Global X - Defense Tech ETF,US,산업재,2026-08-27,66.88,508541,836152.05,0.9667,4621540356,40,60,,,48,0,HOLD,-0.15,-2,False,live,ETF,60,NEUTRAL,AMEX
2026-08-28T09:22:27.663722+09:00,2026-08-28,EAGL,Eagle Capital Select Equity ETF,US,미분류,2026-08-27,35.82,144697,158949.85,0.3835,4557044292,91,60,,,79,1,WATCH,1.22,15,False,live,ETF,61,NEUTRAL,AMEX
2026-08-28T09:22:27.663722+09:00,2026-08-28,JTEK,JPMorgan U.S. Tech Leaders ETF,US,IT,2026-08-27,102.72,256830,218911.5,1.8794,4535270020,65,60,,,53,0,HOLD,0.14,2,False,live,ETF,35,NEUTRAL,NASDAQ
2026-08-28T09:22:27.663722+09:00,2026-08-28,FEZ,State Street SPDR EURO STOXX 50 ETF,US,미분류,2026-08-27,71.34,900343,698517.15,0.4454,4516441160,47,60,,,51,0,HOLD,0.09,1,False,live,ETF,57,NEUTRAL,AMEX
2026-08-28T09:22:27.663722+09:00,2026-08-28,IYF,iShares U.S. Financials ETF,US,금융,2026-08-27,136.88,1380928,397931.4,1.2546,4503358570,47,60,,,59,1,HOLD,0.38,5,False,live,ETF,78,NEUTRAL,AMEX
2026-08-28T09:22:27.663722+09:00,2026-08-28,XAR,State Street SPDR S&P Aerospace & Defens,US,산업재,2026-08-27,266.05,130430,188736.5,5.6136,4484800859,35,60,,,34,0,AVOID,-0.66,-8,True,live,ETF,32,NEUTRAL,AMEX
2026-08-28T09:22:27.663722+09:00,2026-08-28,RSPT,Invesco S&P 500 Equal Weight Technology ,US,IT,2026-08-27,65.82,373045,500047.25,1.1071,4474159982,65,60,,,55,0,HOLD,0.28,3,False,live,ETF,39,NEUTRAL,AMEX
2026-08-28T09:22:27.663722+09:00,2026-08-28,IVLU,iShares MSCI Intl Value Factor ETF,US,미분류,2026-08-27,44.26,668937,676656.85,0.2768,4304528386,58,60,,,59,0,HOLD,0.36,4,False,live,ETF,60,NEUTRAL,AMEX
2026-08-28T09:22:27.663722+09:00,2026-08-28,IXJ,iShares Global Healthcare ETF,US,제약/바이오,2026-08-27,105.17,114299,202304.95,1.4729,4296215113,91,65,,,87,2,STRONG_BUY,1.49,18,True,live,ETF,81,NEUTRAL,AMEX
2026-08-28T09:22:27.663722+09:00,2026-08-28,IDMO,Invesco S&P International Developed Mome,US,미분류,2026-08-27,62.95,350456,309402.8,0.6136,4290229462,62,60,,,60,0,HOLD,0.45,5,False,live,ETF,58,NEUTRAL,AMEX
2026-08-28T09:22:27.663722+09:00,2026-08-28,IMTM,iShares MSCI Intl Momentum Factor ETF,US,미분류,2026-08-27,53.72,275111,262985.55,0.4967,4278329454,58,60,,,42,0,AVOID,-0.09,-1,True,live,ETF,19,NEUTRAL,AMEX
2026-08-28T09:22:27.663722+09:00,2026-08-28,SMLF,iShares U.S. Small-Cap Equity Factor ETF,US,미분류,2026-08-27,89.35,100624,137391.2,0.7236,4261588100,58,60,,,46,0,HOLD,0.03,0,False,live,ETF,29,NEUTRAL,AMEX
2026-08-28T09:22:27.663722+09:00,2026-08-28,IDEF,iShares Defense Industrials Act,US,산업재,2026-08-27,33.74,430452,392662.6,0.4926,4240625025,40,60,,,38,0,AVOID,-0.43,-5,True,live,ETF,34,NEUTRAL,NASDAQ
2026-08-28T09:22:27.663722+09:00,2026-08-28,FV,First Trust Dorsey Wright Focus 5 ETF,US,미분류,2026-08-27,74.5,41838,56496.9,0.7534,4231672712,87,60,,,72,1,WATCH,0.95,11,False,live,ETF,50,NEUTRAL,NASDAQ
2026-08-28T09:22:27.663722+09:00,2026-08-28,FXI,iShares China Large-Cap ETF,US,미분류,2026-08-27,35.24,12405105,16022685.25,0.42,4201876851,40,60,,,51,0,HOLD,-0.04,0,False,live,ETF,68,NEUTRAL,AMEX
2026-08-28T09:22:27.663722+09:00,2026-08-28,SUSA,iShares ESG Optimized MSCI USA ETF,US,미분류,2026-08-27,159.675,19893,35004.65,0.9721,4163788998,58,60,,,43,0,AVOID,-0.06,-1,True,live,ETF,21,NEUTRAL,AMEX
2026-08-28T09:22:27.663722+09:00,2026-08-28,XT,iShares Future Exponential Technologies ,US,미분류,2026-08-27,83.4777,48045,68322.25,0.8426,4113266833,58,60,,,45,0,HOLD,-0.06,-1,False,live,ETF,26,NEUTRAL,NASDAQ
2026-08-28T09:22:27.663722+09:00,2026-08-28,RWLC,Rayliant NxtGen Multifactor US Equity ET,US,미분류,2026-08-27,38.975,3522,6026.1,0.232,4110606687,65,60,,,55,0,HOLD,0.32,4,False,live,ETF,40,NEUTRAL,AMEX
2026-08-28T09:22:27.663722+09:00,2026-08-28,IMCG,iShares Morningstar Mid-Cap Growth ETF,US,미분류,2026-08-27,98.6,87056,130627.8,0.8193,4092369730,62,60,,,50,0,HOLD,0.18,2,False,live,ETF,32,NEUTRAL,AMEX
2026-08-28T09:22:27.663722+09:00,2026-08-28,EMLP,First Trust North American Energy Infras,US,미분류,2026-08-27,44.19,156060,225903.0,0.4461,4080691170,65,60,,,59,0,HOLD,0.42,5,False,live,ETF,50,NEUTRAL,AMEX
2026-08-28T09:22:27.663722+09:00,2026-08-28,GRNY,Tidal Trust III - Fundstrat Granny Shots,US,미분류,2026-08-27,28.08,1169248,1284607.4,0.2386,4013814421,87,60,,,73,1,WATCH,0.95,11,False,live,ETF,52,NEUTRAL,AMEX
2026-08-28T09:22:27.663722+09:00,2026-08-28,DEM,WisdomTree Emerging Markets High Dividen,US,미분류,2026-08-27,55.38,170977,324768.85,0.4161,4003961096,87,60,,,57,1,HOLD,0.54,6,False,live,ETF,13,NEUTRAL,AMEX
2026-08-28T09:22:27.663722+09:00,2026-08-28,DON,WisdomTree U.S. MidCap Dividend Fund,US,미분류,2026-08-27,58.0,195438,124471.9,0.4279,3998331036,47,60,,,55,0,HOLD,0.18,2,False,live,ETF,67,NEUTRAL,AMEX
2026-08-28T09:22:27.663722+09:00,2026-08-28,HELO,JPMorgan Hedged Equity Laddered Overlay ,US,미분류,2026-08-27,69.72,419216,293795.8,0.2716,3992660957,58,60,,,45,0,HOLD,-0.03,0,False,live,ETF,25,NEUTRAL,AMEX
2026-08-28T09:22:27.663722+09:00,2026-08-28,QTUM,Defiance Quantum ETF,US,IT,2026-08-27,150.96,299314,349175.7,2.9464,3975110573,28,60,,,35,0,AVOID,-0.65,-8,True,live,ETF,46,NEUTRAL,NASDAQ
2026-08-28T09:22:27.663722+09:00,2026-08-28,ARTY,iShares Future AI & Tech ETF,US,IT,2026-08-27,75.73,364370,447873.5,1.8775,3966327019,87,60,,,69,1,WATCH,0.83,10,False,live,ETF,41,NEUTRAL,AMEX
2026-08-28T09:22:27.663722+09:00,2026-08-28,PGX,Invesco Preferred ETF,US,금융,2026-08-27,10.64,1930235,3597316.75,0.0507,3814194918,50,60,,,46,0,HOLD,-0.13,-2,False,live,ETF,41,NEUTRAL,AMEX
2026-08-28T09:22:27.663722+09:00,2026-08-28,TMH,Toyota Motor Corporation ADRhedged,US,미분류,2026-08-27,51.1141,238,286.9,0.4633,3767187690,80,60,,,64,1,WATCH,0.67,8,False,live,ETF,40,NEUTRAL,AMEX
2026-08-28T09:22:27.663722+09:00,2026-08-28,KRE,State Street SPDR S&P Regional Banking E,US,금융,2026-08-27,74.35,10751179,11115993.95,1.0132,3764708384,47,60,,,47,0,HOLD,0.0,0,False,live,ETF,48,NEUTRAL,AMEX
2026-08-28T09:22:27.663722+09:00,2026-08-28,EWU,iShares MSCI United Kingdom ETF,US,미분류,2026-08-27,48.63,713212,1124270.6,0.3357,3700865985,62,60,,,45,0,HOLD,0.04,0,False,live,ETF,19,NEUTRAL,AMEX
2026-08-28T09:22:27.663722+09:00,2026-08-28,VNQI,Vanguard Global ex-U.S. Real Estate ETF,US,리츠,2026-08-27,45.53,151603,250285.15,0.285,3670456906,40,60,,,42,0,AVOID,-0.31,-4,True,live,ETF,45,NEUTRAL,NASDAQ
2026-08-28T09:22:27.663722+09:00,2026-08-28,USMC,Principal U.S. Mega-Cap ETF,US,미분류,2026-08-27,76.0252,26190,63354.5,0.4531,3608464806,43,60,,,46,0,HOLD,-0.14,-2,False,live,ETF,50,NEUTRAL,NASDAQ
2026-08-28T09:22:27.663722+09:00,2026-08-28,IWX,iShares Russell Top 200 Value ETF,US,미분류,2026-08-27,112.53,193756,305782.8,0.7221,3596897217,62,60,,,61,0,HOLD,0.52,6,False,live,ETF,60,NEUTRAL,AMEX
2026-08-28T09:22:27.663722+09:00,2026-08-28,LRGF,iShares U.S. Equity Factor ETF,US,미분류,2026-08-27,78.76,285578,138778.9,0.4717,3590020126,58,60,,,61,0,HOLD,0.41,5,False,live,ETF,66,NEUTRAL,AMEX
2026-08-28T09:22:27.663722+09:00,2026-08-28,JIVE,JPMorgan International Value ETF,US,미분류,2026-08-27,97.86,352612,298785.6,0.7339,3571979738,62,60,,,60,0,HOLD,0.45,5,False,live,ETF,58,NEUTRAL,NASDAQ
2026-08-28T09:22:27.663722+09:00,2026-08-28,INTF,iShares International Equity Factor ETF,US,미분류,2026-08-27,43.09,210435,220036.75,0.2715,3550892422,62,60,,,66,1,WATCH,0.6,7,False,live,ETF,72,NEUTRAL,AMEX
2026-08-28T09:22:27.663722+09:00,2026-08-28,MLPX,Global X - MLP & Energy Infrastructure E,US,에너지,2026-08-27,75.25,232220,402406.0,1.3044,3484022250,91,60,,,79,1,WATCH,1.19,14,False,live,ETF,60,NEUTRAL,AMEX
2026-08-28T09:22:27.663722+09:00,2026-08-28,BOTZ,Global X - Robotics & Artificial Intelli,US,미분류,2026-08-27,36.14,627636,654301.8,0.5226,3358059628,40,60,,,37,0,AVOID,-0.56,-7,True,live,ETF,33,NEUTRAL,NASDAQ
2026-08-28T09:22:27.663722+09:00,2026-08-28,SPHD,Invesco S&P 500 High Dividend Low Volati,US,미분류,2026-08-27,52.71,575687,718149.35,0.5007,3321591967,47,60,,,44,0,AVOID,-0.1,-1,True,live,ETF,39,NEUTRAL,AMEX
2026-08-28T09:22:27.663722+09:00,2026-08-28,CGMM,Capital Group U.S. Small and Mid Cap ETF,US,미분류,2026-08-27,33.16,785608,682215.4,0.2482,3281302503,58,60,,,44,0,AVOID,-0.03,0,True,live,ETF,23,NEUTRAL,AMEX
2026-08-28T09:22:27.663722+09:00,2026-08-28,ILCG,iShares Morningstar Growth ETF,US,미분류,2026-08-27,116.47,52188,73044.4,1.24,3273305841,58,60,,,40,0,AVOID,-0.21,-3,True,live,ETF,14,NEUTRAL,AMEX
2026-08-28T09:22:27.663722+09:00,2026-08-28,USCA,Xtrackers MSCI USA Climate Action Equity,US,미분류,2026-08-26,45.415,300,33075.0,0.2174,3272694557,43,60,,,42,0,AVOID,-0.25,-3,True,live,ETF,40,NEUTRAL,AMEX
2026-08-28T09:22:27.663722+09:00,2026-08-28,FELV,Fidelity Enhanced Large Cap Value ETF ,US,미분류,2026-08-27,42.82,154116,168175.8,0.2818,3262302676,62,60,,,65,1,WATCH,0.63,8,False,live,ETF,70,NEUTRAL,AMEX
2026-08-28T09:22:27.663722+09:00,2026-08-28,XYLD,Global X - S&P 500 Covered Call ETF,US,미분류,2026-08-27,41.53,619968,451408.4,0.0733,3226556277,47,60,,,62,1,WATCH,0.35,4,False,live,ETF,84,NEUTRAL,AMEX
2026-08-28T09:22:27.663722+09:00,2026-08-28,FNDC,Schwab Fundamental International Small C,US,미분류,2026-08-27,51.49,69560,84528.0,0.375,3126580414,87,60,,,71,1,WATCH,0.9,11,False,live,ETF,46,NEUTRAL,AMEX
2026-08-28T09:22:27.663722+09:00,2026-08-28,CGGE,Capital Group Global Equity ETF,US,미분류,2026-08-27,35.48,528853,494362.65,0.2222,3092623638,43,60,,,47,0,HOLD,-0.11,-1,False,live,ETF,52,NEUTRAL,AMEX
2026-08-28T09:22:27.663722+09:00,2026-08-28,AVSC,Avantis U.S. Small Cap Equity ETF,US,미분류,2026-08-27,73.68,128852,110022.6,0.5917,3085369083,47,60,,,54,0,HOLD,0.17,2,False,live,ETF,64,NEUTRAL,AMEX
2026-08-28T09:22:27.663722+09:00,2026-08-28,BDYN,iShares Dynamic Equity Active ETF,US,미분류,2026-08-27,28.2,244708,397795.4,0.2305,3064297136,43,60,,,35,0,AVOID,-0.43,-5,True,live,ETF,23,NEUTRAL,NASDAQ
2026-08-28T09:22:27.663722+09:00,2026-08-28,IHI,iShares U.S. Medical Devices ETF,US,제약/바이오,2026-08-27,54.62,4193742,2515337.1,0.9425,3046445630,47,65,,,59,1,HOLD,0.37,4,False,live,ETF,77,NEUTRAL,AMEX
2026-08-28T09:22:27.663722+09:00,2026-08-28,XOP,State Street SPDR S&P Oil & Gas Explorat,US,에너지,2026-08-27,185.47,1727507,2953900.35,4.3021,3045956932,76,60,,,79,2,BUY,1.18,14,False,live,ETF,84,NEUTRAL,AMEX
2026-08-28T09:22:27.663722+09:00,2026-08-28,WTV,WisdomTree U.S. Value Fund,US,미분류,2026-08-27,108.84,114266,168948.3,0.7414,3040832870,69,60,,,70,1,WATCH,0.78,9,False,live,ETF,72,NEUTRAL,AMEX
2026-08-28T09:22:27.663722+09:00,2026-08-28,QTEC,First Trust NASDAQ-100-Technology Sector,US,IT,2026-08-27,321.76,148095,166219.75,5.7243,3015718123,65,60,,,55,0,HOLD,0.27,3,False,live,ETF,40,NEUTRAL,NASDAQ
2026-08-28T09:22:27.663722+09:00,2026-08-28,SPUS,SP Funds S&P 500 Sharia Industry Exclusi,US,미분류,2026-08-27,59.28,408919,510060.95,0.5042,3009839505,58,60,,,50,0,HOLD,0.08,1,False,live,ETF,37,NEUTRAL,AMEX
2026-08-28T09:22:27.663722+09:00,2026-08-28,KOMP,State Street SPDR S&P Kensho New Economi,US,미분류,2026-08-27,69.18,40055,79302.75,0.9432,2999638851,43,60,,,46,0,HOLD,-0.26,-3,False,live,ETF,50,NEUTRAL,AMEX
2026-08-28T09:22:27.663722+09:00,2026-08-28,NLR,VanEck Uranium and Nuclear ETF,US,미분류,2026-08-27,125.02,630172,352083.6,3.505,2993403118,77,60,,,66,1,WATCH,0.57,7,False,live,ETF,49,NEUTRAL,AMEX
2026-08-28T09:22:27.663722+09:00,2026-08-28,CQQQ,Invesco China Technology ETF,US,미분류,2026-08-27,49.02,708697,673509.85,0.8743,2978160100,17,60,,,27,0,AVOID,-1.0,-12,True,live,ETF,41,NEUTRAL,AMEX
2026-08-28T09:22:27.663722+09:00,2026-08-28,NFRA,Northern Trust STOXX Global Broad Infras,US,미분류,2026-08-27,65.73,44386,83919.3,0.4364,2960626698,43,60,,,55,1,HOLD,0.08,1,False,live,ETF,73,NEUTRAL,AMEX
2026-08-28T09:22:27.663722+09:00,2026-08-28,CGNG,Capital Group New Geography Equity ETF,US,미분류,2026-08-27,37.1,604790,522164.5,0.4106,2953550737,87,60,,,79,1,WATCH,1.08,13,False,live,ETF,66,NEUTRAL,AMEX
2026-08-28T09:22:27.663722+09:00,2026-08-28,PRFZ,Invesco RAFI US 1500 Small-Mid ETF,US,미분류,2026-08-27,55.84,131985,77769.25,0.4264,2948060794,62,60,,,50,0,HOLD,0.2,2,False,live,ETF,32,NEUTRAL,NASDAQ
2026-08-28T09:22:27.663722+09:00,2026-08-28,JMEE,JPMorgan Small & Mid Cap Enhanced Equity,US,미분류,2026-08-27,77.76,78758,116752.9,0.6715,2943409545,40,60,,,41,0,AVOID,-0.26,-3,True,live,ETF,43,NEUTRAL,AMEX
2026-08-28T09:22:27.663722+09:00,2026-08-28,IXC,iShares Global Energy ETF,US,에너지,2026-08-27,56.98,600804,582940.2,0.9271,2931703450,59,60,,,67,1,WATCH,0.63,8,False,live,ETF,78,NEUTRAL,AMEX
2026-08-28T09:22:27.663722+09:00,2026-08-28,RWEM,Rayliant Wilshire NxtGen Emerging Market,US,미분류,2026-08-27,36.0,3741,5717.05,2.7239,2836573344,80,60,,,64,1,WATCH,0.6,7,False,live,ETF,40,NEUTRAL,AMEX
2026-08-28T09:22:27.663722+09:00,2026-08-28,XSD,State Street SPDR S&P Semiconductor ETF,US,IT,2026-08-27,500.26,77498,83544.9,16.7107,2788958505,15,60,,,25,0,AVOID,-1.15,-14,True,live,ETF,41,NEUTRAL,AMEX
2026-08-28T09:22:27.663722+09:00,2026-08-28,SCYB,Schwab High Yield Bond ETF,US,금융,2026-08-27,26.1,736662,877888.1,0.0518,2766457233,87,60,,,68,1,WATCH,0.8,10,False,live,ETF,39,NEUTRAL,AMEX
2026-08-28T09:22:27.663722+09:00,2026-08-28,EQWL,Invesco S&P 100 Equal Weight ETF,US,미분류,2026-08-27,134.77,140996,97014.8,0.8007,2763624482,69,60,,,71,1,WATCH,0.8,10,False,live,ETF,75,NEUTRAL,AMEX
2026-08-28T09:22:27.663722+09:00,2026-08-28,FLIN,Franklin FTSE India ETF,US,미분류,2026-08-27,35.69,242357,235617.85,0.2182,2716801639,40,60,,,45,0,HOLD,-0.19,-2,False,live,ETF,52,NEUTRAL,AMEX
2026-08-28T09:22:27.663722+09:00,2026-08-28,SNPE,Xtrackers S&P 500 Scored & Screened ETF,US,미분류,2026-08-27,71.45,285456,356997.8,0.4689,2715736691,58,60,,,42,0,AVOID,-0.07,-1,True,live,ETF,19,NEUTRAL,AMEX
2026-08-28T09:22:27.663722+09:00,2026-08-28,JMOM,JPMorgan U.S. Momentum Factor ETF,US,미분류,2026-08-27,83.55,96390,110719.5,0.7708,2646307306,43,60,,,48,0,HOLD,-0.09,-1,False,live,ETF,56,NEUTRAL,AMEX
2026-08-28T09:22:27.663722+09:00,2026-08-28,DIVI,Franklin International Core Dividend Til,US,미분류,2026-08-27,44.44,182947,197892.35,0.3189,2595916552,58,60,,,52,0,HOLD,0.18,2,False,live,ETF,43,NEUTRAL,AMEX
2026-08-28T09:22:27.663722+09:00,2026-08-28,AVOS,Avos Global Equities ETF,US,미분류,2026-08-27,28.015,7821,1891.05,0.1093,2593908850,80,60,,,64,1,WATCH,0.68,8,False,live,ETF,40,NEUTRAL,NASDAQ
2026-08-28T09:22:27.663722+09:00,2026-08-28,PABU,iShares Paris-Aligned Climate Optimized ,US,미분류,2026-08-27,79.5662,85,12034.25,0.52,2545278579,58,60,,,51,0,HOLD,0.1,1,False,live,ETF,40,NEUTRAL,NASDAQ
2026-08-28T09:22:27.663722+09:00,2026-08-28,COWG,Pacer US Large Cap Cash Cows Growth Lead,US,미분류,2026-08-27,40.58,273712,235245.6,0.5137,2541171989,84,60,,,68,1,WATCH,0.82,10,False,live,ETF,43,NEUTRAL,NASDAQ
2026-08-28T09:22:27.663722+09:00,2026-08-28,CGIC,Capital Group International Core Equity ,US,미분류,2026-08-27,37.11,358283,363659.15,0.2846,2455529252,80,60,,,59,1,HOLD,0.53,6,False,live,ETF,28,NEUTRAL,AMEX
2026-08-28T09:22:27.663722+09:00,2026-08-28,PWB,Invesco Large Cap Growth ETF,US,미분류,2026-08-27,157.15,82920,105451.0,2.5425,2432045700,28,60,,,40,0,AVOID,-0.49,-6,True,live,ETF,58,NEUTRAL,AMEX
2026-08-28T09:22:27.663722+09:00,2026-08-28,BSVO,EA Bridgeway Omni Small-Cap Value ETF,US,미분류,2026-08-27,29.51,130271,114483.55,0.2502,2405864426,47,60,,,56,1,HOLD,0.23,3,False,live,ETF,70,NEUTRAL,NASDAQ
2026-08-28T09:22:27.663722+09:00,2026-08-28,FXO,First Trust Financials AlphaDEX Fund,US,금융,2026-08-27,66.2518,41227,45291.35,0.5321,2404189303,47,60,,,45,0,HOLD,0.04,0,False,live,ETF,43,NEUTRAL,AMEX
2026-08-28T09:22:27.663722+09:00,2026-08-28,FTHI,First Trust BuyWrite Income ETF,US,미분류,2026-08-27,23.95,606297,555224.85,0.1501,2384021057,65,60,,,51,0,HOLD,0.21,3,False,live,ETF,31,NEUTRAL,NASDAQ
2026-08-28T09:22:27.663722+09:00,2026-08-28,CGIE,Capital Group International Equity ETF,US,미분류,2026-08-27,38.03,303839,328456.95,0.2311,2378121852,62,60,,,55,0,HOLD,0.31,4,False,live,ETF,45,NEUTRAL,AMEX
2026-08-28T09:22:27.663722+09:00,2026-08-28,ILF,iShares Latin America 40 ETF,US,미분류,2026-08-27,34.95,1673293,2939109.65,0.5722,2373571932,80,60,,,57,1,HOLD,0.46,6,False,live,ETF,22,NEUTRAL,AMEX
2026-08-28T09:22:27.663722+09:00,2026-08-28,RPG,Invesco S&P 500 Pure Growth ETF,US,미분류,2026-08-27,58.05,181273,610478.65,0.9921,2363563220,28,60,,,31,0,AVOID,-0.73,-9,True,live,ETF,36,NEUTRAL,AMEX
2026-08-28T09:22:27.663722+09:00,2026-08-28,FIDU,Fidelity MSCI Industrials Index ETF,US,산업재,2026-08-27,94.91,82594,86714.7,1.1105,2358296346,35,60,,,36,0,AVOID,-0.49,-6,True,live,ETF,37,NEUTRAL,AMEX
2026-08-28T09:22:27.663722+09:00,2026-08-28,PSI,Invesco Semiconductors ETF,US,IT,2026-08-27,138.56,240137,418951.85,5.8329,2334709812,25,60,,,45,1,HOLD,-0.48,-6,False,live,ETF,76,NEUTRAL,AMEX
2026-08-28T09:22:27.663722+09:00,2026-08-28,ICLN,iShares Global Clean Energy ETF,US,미분류,2026-08-27,17.83,6679802,7099120.1,0.3293,2333377456,37,60,,,35,0,AVOID,-0.71,-9,True,live,ETF,32,NEUTRAL,NASDAQ
2026-08-28T09:22:27.663722+09:00,2026-08-28,EEMA,iShares MSCI Emerging Markets Asia ETF,US,미분류,2026-08-27,117.2,29175,41708.75,1.3564,2300707258,87,60,,,69,1,WATCH,0.82,10,False,live,ETF,42,NEUTRAL,NASDAQ
2026-08-28T09:22:27.663722+09:00,2026-08-28,DSTL,Distillate U.S. Fundamental Stability & ,US,미분류,2026-08-27,69.94,53402,80895.1,0.835,2278657579,69,60,,,77,1,WATCH,1.06,13,False,live,ETF,88,NEUTRAL,AMEX
2026-08-28T09:22:27.663722+09:00,2026-08-28,DFSU,Dimensional - US Sustainability Core 1 E,US,미분류,2026-08-27,48.57,60372,92628.6,0.3333,2277420878,58,60,,,57,0,HOLD,0.32,4,False,live,ETF,56,NEUTRAL,AMEX
2026-08-28T09:22:27.663722+09:00,2026-08-28,QGRW,WisdomTree U.S. Quality Growth Fund,US,미분류,2026-08-27,67.985,186596,220904.8,0.6681,2273715562,58,60,,,44,0,AVOID,-0.09,-1,True,live,ETF,22,NEUTRAL,AMEX
2026-08-28T09:22:27.663722+09:00,2026-08-28,TCHP,T. Rowe Price Blue Chip Growth ETF,US,미분류,2026-08-27,51.01,154921,196821.05,0.5686,2259511976,58,60,,,39,0,AVOID,-0.27,-3,True,live,ETF,10,NEUTRAL,AMEX
2026-08-28T09:22:27.663722+09:00,2026-08-28,XSMO,Invesco S&P SmallCap Momentum ETF,US,미분류,2026-08-27,85.69,265564,264788.2,1.0604,2257508363,28,60,,,26,0,AVOID,-0.86,-10,True,live,ETF,23,NEUTRAL,AMEX
2026-08-28T09:22:27.663722+09:00,2026-08-28,QDF,Northern Trust Quality Dividend ETF,US,미분류,2026-08-27,92.75,27004,26335.2,0.4564,2254135527,58,60,,,60,0,HOLD,0.4,5,False,live,ETF,64,NEUTRAL,AMEX
2026-08-28T09:22:27.663722+09:00,2026-08-28,TSPA,T. Rowe Price U.S. Equity Research ETF,US,미분류,2026-08-27,48.59,241684,338684.2,0.3467,2234636510,58,60,,,40,0,AVOID,-0.16,-2,True,live,ETF,14,NEUTRAL,AMEX
2026-08-28T09:22:27.663722+09:00,2026-08-28,HDEF,Xtrackers MSCI EAFE High Dividend Yield ,US,미분류,2026-08-27,33.98,89808,101815.4,0.2345,2229737324,47,60,,,49,0,HOLD,0.03,0,False,live,ETF,52,NEUTRAL,AMEX
2026-08-28T09:22:27.663722+09:00,2026-08-28,SPGP,Invesco S&P 500 GARP ETF,US,미분류,2026-08-27,127.39,45801,89810.05,0.9436,2225741901,47,60,,,36,0,AVOID,-0.31,-4,True,live,ETF,19,NEUTRAL,AMEX
2026-08-28T09:22:27.663722+09:00,2026-08-28,IYG,iShares U.S. Financial Services ETF,US,금융,2026-08-27,97.47,62024,70641.2,0.9,2217401952,62,60,,,64,0,HOLD,0.63,8,False,live,ETF,67,NEUTRAL,AMEX
2026-08-28T09:22:27.663722+09:00,2026-08-28,IHDG,WisdomTree International Hedged Quality ,US,미분류,2026-08-27,53.375,71258,124337.9,0.2718,2217385380,47,60,,,59,1,HOLD,0.29,3,False,live,ETF,78,NEUTRAL,AMEX
2026-08-28T09:22:27.663722+09:00,2026-08-28,HACK,Amplify Cybersecurity ETF,US,IT,2026-08-27,118.58,692376,288268.8,3.8006,2214477587,62,60,,,71,1,WATCH,0.85,10,False,live,ETF,84,NEUTRAL,AMEX
2026-08-28T09:22:27.663722+09:00,2026-08-28,XCEM,Columbia EM Core ex-China ETF,US,미분류,2026-08-27,51.55,112557,151492.85,0.8268,2197767878,72,60,,,54,1,HOLD,0.28,3,False,live,ETF,27,NEUTRAL,AMEX
2026-08-28T09:22:27.663722+09:00,2026-08-28,DES,WisdomTree U.S. SmallCap Dividend Fund,US,미분류,2026-08-27,40.55,88932,125046.6,0.3683,2179869666,47,60,,,51,0,HOLD,0.07,1,False,live,ETF,56,NEUTRAL,AMEX
2026-08-28T09:22:27.663722+09:00,2026-08-28,DTCR,Global X - Data Center & Digital Infrast,US,미분류,2026-08-27,28.5,462872,767818.6,0.4872,2175454619,65,60,,,50,0,HOLD,-0.0,0,False,live,ETF,27,NEUTRAL,NASDAQ
2026-08-28T09:22:27.663722+09:00,2026-08-28,SFLR,Innovator Equity Managed Floor ETF,US,미분류,2026-08-27,39.06,146668,187293.4,0.3482,2156250351,58,60,,,44,0,AVOID,-0.07,-1,True,live,ETF,24,NEUTRAL,AMEX
2026-08-28T09:22:27.663722+09:00,2026-08-28,QGRO,American Century U.S. Quality Growth ETF,US,미분류,2026-08-27,119.4,48143,70657.15,1.0057,2153392850,65,60,,,49,0,HOLD,0.15,2,False,live,ETF,26,NEUTRAL,AMEX
2026-08-28T09:22:27.663722+09:00,2026-08-28,MLPA,Global X - MLP ETF,US,에너지,2026-08-27,56.96,98539,222366.95,0.675,2145324409,59,60,,,57,0,HOLD,0.4,5,False,live,ETF,55,NEUTRAL,AMEX
2026-08-28T09:22:27.663722+09:00,2026-08-28,DFEV,Dimensional - Emerging Markets Value ETF,US,미분류,2026-08-27,42.67,197209,213235.45,0.497,2127341908,84,60,,,79,2,BUY,1.05,13,False,live,ETF,71,NEUTRAL,AMEX
2026-08-28T09:22:27.663722+09:00,2026-08-28,EPI,WisdomTree India Earnings Fund,US,미분류,2026-08-27,42.95,504281,270164.05,0.2854,2120682278,40,60,,,27,0,AVOID,-0.68,-8,True,live,ETF,7,NEUTRAL,AMEX
2026-08-28T09:22:27.663722+09:00,2026-08-28,ROBO,ROBO Global Robotics and Automation Inde,US,미분류,2026-08-27,82.19,498411,210445.55,1.1632,2110876483,40,60,,,50,0,HOLD,-0.18,-2,False,live,ETF,65,NEUTRAL,AMEX
2026-08-28T09:22:27.663722+09:00,2026-08-28,EMOP,Alliance Bernstein - AB Emerging Markets,US,미분류,2026-08-27,50.84,67176,54148.8,0.6528,2092589223,72,60,,,56,1,HOLD,0.31,4,False,live,ETF,33,NEUTRAL,AMEX
2026-08-28T09:22:27.663722+09:00,2026-08-28,EPP,iShares MSCI Pacific ex Japan ETF,US,미분류,2026-08-27,57.87,129094,294224.7,0.4625,2074127351,62,60,,,64,0,HOLD,0.54,6,False,live,ETF,66,NEUTRAL,AMEX
2026-08-28T09:22:27.663722+09:00,2026-08-28,JPEF,JPMorgan Equity Focus ETF,US,미분류,2026-08-27,81.6587,61503,70755.15,0.5429,2020947812,40,60,,,30,0,AVOID,-0.61,-7,True,live,ETF,14,NEUTRAL,NASDAQ
2026-08-28T09:22:27.663722+09:00,2026-08-28,PHO,Invesco Water Resources ETF,US,미분류,2026-08-27,72.18,54809,71695.45,0.8693,2015072735,62,60,,,48,0,HOLD,0.17,2,False,live,ETF,26,NEUTRAL,NASDAQ
2026-08-28T09:22:27.663722+09:00,2026-08-28,CGCV,Capital Group Conservative Equity ETF,US,미분류,2026-08-27,33.31,296391,282669.55,0.1646,1988435920,32,60,,,36,0,AVOID,-0.46,-6,True,live,ETF,43,NEUTRAL,AMEX
2026-08-28T09:22:27.663722+09:00,2026-08-28,RWJ,Invesco S&P SmallCap 600 Revenue ETF,US,미분류,2026-08-27,61.21,67722,85246.1,0.621,1985593394,47,60,,,45,0,HOLD,-0.03,0,False,live,ETF,43,NEUTRAL,AMEX
2026-08-28T09:22:27.663722+09:00,2026-08-28,EWW,iShares MSCI Mexico ETF,US,미분류,2026-08-27,77.16,826520,1359121.0,1.2007,1967568966,80,60,,,56,1,HOLD,0.41,5,False,live,ETF,19,NEUTRAL,AMEX
2026-08-28T09:22:27.663722+09:00,2026-08-28,HFXI,NYLI FTSE International Equity Currency ,US,미분류,2026-08-27,38.27,412385,345869.25,0.3228,1942245133,58,60,,,62,0,HOLD,0.41,5,False,live,ETF,68,NEUTRAL,AMEX
2026-08-28T09:22:27.663722+09:00,2026-08-28,BKDV,BNY Mellon Dynamic Value ETF,US,미분류,2026-08-27,34.84,523281,299799.05,0.2151,1939534195,62,60,,,64,0,HOLD,0.54,6,False,live,ETF,66,NEUTRAL,AMEX
2026-08-28T09:22:27.663722+09:00,2026-08-28,EWP,iShares MSCI Spain ETF,US,미분류,2026-08-27,62.41,509804,347085.2,0.5211,1904854679,47,60,,,54,0,HOLD,0.2,2,False,live,ETF,64,NEUTRAL,AMEX
2026-08-28T09:22:27.663722+09:00,2026-08-28,PXH,Invesco RAFI Emerging Markets ETF,US,미분류,2026-08-27,29.54,174455,146267.75,0.2521,1899217938,84,60,,,81,2,STRONG_BUY,1.14,14,False,live,ETF,76,NEUTRAL,AMEX
2026-08-28T09:22:27.663722+09:00,2026-08-28,FIW,First Trust Water ETF,US,미분류,2026-08-27,110.92,35927,34021.35,1.205,1895778864,44,60,,,51,0,HOLD,0.06,1,False,live,ETF,61,NEUTRAL,AMEX
2026-08-28T09:22:27.663722+09:00,2026-08-28,DGS,WisdomTree Emerging Markets SmallCap Div,US,미분류,2026-08-27,64.6,32908,37355.4,0.5914,1877320509,87,60,,,75,1,WATCH,0.97,12,False,live,ETF,57,NEUTRAL,AMEX
2026-08-28T09:22:27.663722+09:00,2026-08-28,CHAT,Roundhill Generative AI & Technology ETF,US,IT,2026-08-27,89.49,379676,379773.8,2.5156,1874737375,43,60,,,42,0,AVOID,-0.38,-5,True,live,ETF,41,NEUTRAL,AMEX
2026-08-28T09:22:27.663722+09:00,2026-08-28,FXR,First Trust Industrials/Producer Durable,US,산업재,2026-08-27,88.51,11323,16026.15,0.8471,1870796306,35,60,,,37,0,AVOID,-0.45,-5,True,live,ETF,40,NEUTRAL,AMEX
2026-08-28T09:22:27.663722+09:00,2026-08-28,SCHY,Schwab International Dividend Equity ETF,US,미분류,2026-08-27,33.3,567600,666480.0,0.2128,1867750114,43,60,,,52,0,HOLD,0.05,1,False,live,ETF,66,NEUTRAL,AMEX
2026-08-28T09:22:27.663722+09:00,2026-08-28,WCMI,First Trust WCM International Equity ETF,US,미분류,2026-08-27,19.9,470485,957129.25,0.2149,1862959495,65,60,,,63,0,HOLD,0.54,6,False,live,ETF,61,NEUTRAL,AMEX
2026-08-28T09:22:27.663722+09:00,2026-08-28,HEDJ,WisdomTree Europe Hedged Equity Fund,US,미분류,2026-08-27,57.34,79094,60284.7,0.615,1854291769,40,60,,,34,0,AVOID,-0.45,-5,True,live,ETF,26,NEUTRAL,AMEX
2026-08-28T09:22:27.663722+09:00,2026-08-28,FXU,First Trust Utilities AlphaDEX Fund,US,유틸리티,2026-08-27,47.81,159881,266619.05,0.565,1846403219,28,60,,,28,0,AVOID,-0.76,-9,True,live,ETF,29,NEUTRAL,AMEX
2026-08-28T09:22:27.663722+09:00,2026-08-28,ILOW,Alliance Bernstein - AB International Lo,US,미분류,2026-08-27,47.36,117858,51062.9,0.3689,1822224355,62,60,,,43,0,AVOID,-0.01,0,True,live,ETF,14,NEUTRAL,AMEX
2026-08-28T09:22:27.663722+09:00,2026-08-28,RWR,State Street SPDR Dow Jones REIT ETF,US,리츠,2026-08-27,113.44,216293,342839.65,1.1614,1806187142,28,60,,,44,0,AVOID,-0.29,-3,True,live,ETF,68,NEUTRAL,AMEX
2026-08-28T09:22:27.663722+09:00,2026-08-28,EUSA,iShares MSCI USA Equal Weighted ETF,US,미분류,2026-08-27,118.42,49544,67407.2,0.7521,1797565390,62,60,,,63,0,HOLD,0.51,6,False,live,ETF,64,NEUTRAL,AMEX
2026-08-28T09:22:27.663722+09:00,2026-08-28,USVM,VictoryShares US Small Mid Cap Value Mom,US,미분류,2026-08-27,109.6869,34954,36607.7,0.7462,1752360328,47,60,,,51,0,HOLD,0.07,1,False,live,ETF,56,NEUTRAL,NASDAQ
2026-08-28T09:22:27.663722+09:00,2026-08-28,XNTK,State Street SPDR NYSE Technology ETF,US,IT,2026-08-27,364.01,340097,79074.85,6.4907,1751284871,65,60,,,61,0,HOLD,0.41,5,False,live,ETF,56,NEUTRAL,AMEX
2026-08-28T09:22:27.663722+09:00,2026-08-28,BDVL,iShares Disciplined Volatility Equity Ac,US,미분류,2026-08-27,26.8186,159665,238218.25,0.1431,1737436323,58,60,,,41,0,AVOID,-0.12,-1,True,live,ETF,15,NEUTRAL,NASDAQ
2026-08-28T09:22:27.663722+09:00,2026-08-28,BAFE,Brown Advisory Flexible Equity ETF,US,미분류,2026-08-27,30.1494,69246,49157.3,0.1927,1726735763,43,60,,,42,0,AVOID,-0.21,-3,True,live,ETF,40,NEUTRAL,NASDAQ
2026-08-28T09:22:27.663722+09:00,2026-08-28,PKW,Invesco BuyBack Achievers ETF,US,미분류,2026-08-27,152.28,15380,28979.0,1.2279,1722978303,69,60,,,73,1,WATCH,0.91,11,False,live,ETF,78,NEUTRAL,NASDAQ
2026-08-28T09:22:27.663722+09:00,2026-08-28,QDPL,Pacer Metaurus US Large Cap Dividend Mul,US,미분류,2026-08-27,46.67,186453,125277.65,0.2982,1721888636,58,60,,,55,0,HOLD,0.22,3,False,live,ETF,50,NEUTRAL,AMEX
2026-08-28T09:22:27.663722+09:00,2026-08-28,IMCB,iShares Morningstar Mid-Cap ETF,US,미분류,2026-08-27,100.0,18391,23029.55,0.601,1709937000,62,60,,,62,0,HOLD,0.52,6,False,live,ETF,62,NEUTRAL,AMEX
2026-08-28T09:22:27.663722+09:00,2026-08-28,FBT,First Trust NYSE Arca Biotechnology Inde,US,제약/바이오,2026-08-27,273.91,26465,46253.25,3.9049,1705150010,85,65,,,71,1,WATCH,1.05,13,False,live,ETF,49,NEUTRAL,AMEX
2026-08-28T09:22:27.663722+09:00,2026-08-28,EWL,iShares MSCI Switzerland ETF,US,미분류,2026-08-27,63.71,184923,527116.15,0.5846,1699555355,43,60,,,50,0,HOLD,-0.03,0,False,live,ETF,60,NEUTRAL,AMEX
2026-08-28T09:22:27.663722+09:00,2026-08-28,RPV,Invesco S&P 500 Pure Value ETF,US,미분류,2026-08-27,121.82,101863,208358.15,1.0564,1693675642,69,60,,,75,1,WATCH,0.93,11,False,live,ETF,84,NEUTRAL,AMEX
2026-08-28T09:22:27.663722+09:00,2026-08-28,FEX,First Trust Large Cap Core AlphaDEX Fund,US,미분류,2026-08-27,139.5461,11468,23408.4,0.8993,1662813466,43,60,,,43,0,AVOID,-0.2,-2,True,live,ETF,43,NEUTRAL,NASDAQ
2026-08-28T09:22:27.663722+09:00,2026-08-28,DTD,WisdomTree U.S. Total Dividend Fund,US,미분류,2026-08-27,97.08,47779,26323.95,0.4373,1644086399,47,60,,,61,1,WATCH,0.32,4,False,live,ETF,81,NEUTRAL,AMEX
2026-08-28T09:22:27.663722+09:00,2026-08-28,TOUS,T. Rowe Price International Equity ETF,US,미분류,2026-08-27,39.81,121455,121052.75,0.262,1642162500,58,60,,,64,1,WATCH,0.49,6,False,live,ETF,72,NEUTRAL,AMEX
2026-08-28T09:22:27.663722+09:00,2026-08-28,USFE,First Eagle US Equity ETF,US,미분류,2026-08-27,38.0163,1151,1627.55,0.215,1636282606,69,60,,,57,0,HOLD,0.48,6,False,live,ETF,40,NEUTRAL,AMEX
2026-08-28T09:22:27.663722+09:00,2026-08-28,EPS,WisdomTree U.S. LargeCap Fund,US,미분류,2026-08-27,81.05,26652,48677.6,0.4733,1629818240,58,60,,,40,0,AVOID,-0.14,-2,True,live,ETF,14,NEUTRAL,AMEX
2026-08-28T09:22:27.663722+09:00,2026-08-28,EWG,iShares MSCI Germany ETF,US,미분류,2026-08-27,44.58,435867,706298.35,0.2968,1623440660,62,60,,,68,1,WATCH,0.64,8,False,live,ETF,77,NEUTRAL,AMEX
2026-08-28T09:22:27.663722+09:00,2026-08-28,INFL,Horizon Kinetics Inflation Beneficiaries,US,미분류,2026-08-27,56.0,99689,146944.45,0.7293,1610600208,76,60,,,78,2,BUY,1.08,13,False,live,ETF,82,NEUTRAL,AMEX
2026-08-28T09:22:27.663722+09:00,2026-08-28,KLMT,Invesco MSCI Global Climate 500 ETF,US,미분류,2026-08-26,35.297,100,1150.0,0.1651,1603262110,58,60,,,51,0,HOLD,0.13,2,False,live,ETF,40,NEUTRAL,AMEX
2026-08-28T09:22:27.663722+09:00,2026-08-28,PWV,Invesco Large Cap Value ETF,US,미분류,2026-08-27,81.54,79403,145775.15,0.6686,1594611325,69,60,,,77,1,WATCH,1.03,12,False,live,ETF,90,NEUTRAL,AMEX
2026-08-28T09:22:27.663722+09:00,2026-08-28,FEMD,First Eagle Mid Cap Equity ETF,US,미분류,2026-08-26,36.68,100,110.0,0.1821,1585355274,43,60,,,42,0,AVOID,-0.26,-3,True,live,ETF,40,NEUTRAL,AMEX
2026-08-28T09:22:27.663722+09:00,2026-08-28,QUS,State Street SPDR MSCI USA StrategicFact,US,미분류,2026-08-27,195.545,5349,12957.45,0.9646,1575853548,69,60,,,68,0,HOLD,0.71,9,False,live,ETF,66,NEUTRAL,AMEX
2026-08-28T09:22:27.663722+09:00,2026-08-28,ASHR,Xtrackers Harvest CSI 300 China A-Shares,US,미분류,2026-08-27,34.56,4323142,3399392.1,0.3325,1574011872,43,60,,,39,0,AVOID,-0.4,-5,True,live,ETF,33,NEUTRAL,AMEX
2026-08-28T09:22:27.663722+09:00,2026-08-28,IWC,iShares Micro-Cap ETF,US,미분류,2026-08-27,198.34,18050,49072.5,2.1471,1564956945,58,60,,,65,1,WATCH,0.52,6,False,live,ETF,76,NEUTRAL,AMEX
2026-08-28T09:22:27.663722+09:00,2026-08-28,TGRT,T. Rowe Price Growth ETF,US,미분류,2026-08-27,46.86,67015,92255.75,0.4949,1553510077,58,60,,,43,0,AVOID,-0.13,-2,True,live,ETF,20,NEUTRAL,AMEX
2026-08-28T09:22:27.663722+09:00,2026-08-28,RODM,Hartford Multifactor Developed Markets (,US,미분류,2026-08-27,42.0805,104279,70023.95,0.3128,1548702865,58,60,,,54,0,HOLD,0.23,3,False,live,ETF,49,NEUTRAL,AMEX
2026-08-28T09:22:27.663722+09:00,2026-08-28,DHS,WisdomTree U.S. High Dividend Fund,US,미분류,2026-08-27,118.32,35432,30931.6,0.8588,1522812121,69,60,,,68,0,HOLD,0.73,9,False,live,ETF,67,NEUTRAL,AMEX
2026-08-28T09:22:27.663722+09:00,2026-08-28,LCTU,iShares U.S. Carbon Transition Readiness,US,미분류,2026-08-27,83.31,26512,19580.6,0.4499,1521191364,58,60,,,51,0,HOLD,0.14,2,False,live,ETF,40,NEUTRAL,AMEX
2026-08-28T09:22:27.663722+09:00,2026-08-28,JSI,Janus Henderson Securitized Income ETF,US,미분류,2026-08-27,51.17,71334,147556.7,0.1013,1519629416,58,60,,,64,1,WATCH,0.44,5,False,live,ETF,73,NEUTRAL,AMEX
2026-08-28T09:22:27.663722+09:00,2026-08-28,USXF,iShares ESG Advanced MSCI USA ETF,US,미분류,2026-08-27,69.07,62210,46180.5,0.7264,1515418317,58,60,,,43,0,AVOID,-0.08,-1,True,live,ETF,21,NEUTRAL,NASDAQ
2026-08-28T09:22:27.663722+09:00,2026-08-28,PDP,Invesco Dorsey Wright Momentum ETF,US,미분류,2026-08-27,137.17,13298,27029.9,2.5859,1505947730,28,60,,,28,0,AVOID,-0.83,-10,True,live,ETF,27,NEUTRAL,NASDAQ
2026-08-28T09:22:27.663722+09:00,2026-08-28,OIH,VanEck Oil Services ETF,US,에너지,2026-08-27,414.95,371637,224206.85,10.483,1503905360,65,60,,,57,0,HOLD,0.31,4,False,live,ETF,46,NEUTRAL,AMEX
2026-08-28T09:22:27.663722+09:00,2026-08-28,QVML,Invesco S&P 500 QVM Multi-factor ETF,US,미분류,2026-08-27,45.6393,2147838,143716.9,0.2876,1498518275,58,60,,,70,1,WATCH,0.63,8,False,live,ETF,88,NEUTRAL,AMEX
2026-08-28T09:22:27.663722+09:00,2026-08-28,LIT,Global X - Lithium & Battery Tech ETF,US,미분류,2026-08-27,77.13,141997,234494.85,1.2602,1495773606,87,60,,,75,1,WATCH,0.82,10,False,live,ETF,56,NEUTRAL,AMEX
2026-08-28T09:22:27.663722+09:00,2026-08-28,DFAW,Dimensional - World Equity ETF,US,미분류,2026-08-27,85.62,54046,79567.3,0.5414,1493608108,58,60,,,57,0,HOLD,0.3,4,False,live,ETF,56,NEUTRAL,AMEX
2026-08-28T09:22:27.663722+09:00,2026-08-28,QQQE,Direxion NASDAQ-100 Equal Weighted Index,US,미분류,2026-08-27,123.39,128697,158259.85,0.9957,1479160576,65,60,,,55,0,HOLD,0.3,4,False,live,ETF,39,NEUTRAL,NASDAQ
2026-08-28T09:22:27.663722+09:00,2026-08-28,EWA,iShares MSCI Australia ETF,US,미분류,2026-08-27,30.11,2318243,1901662.15,0.2832,1469143620,58,60,,,63,1,WATCH,0.47,6,False,live,ETF,71,NEUTRAL,AMEX
2026-08-28T09:22:27.663722+09:00,2026-08-28,FTC,First Trust Large Cap Growth AlphaDEX Fu,US,미분류,2026-08-27,180.9781,25625,10476.25,2.0703,1466418309,28,60,,,33,0,AVOID,-0.67,-8,True,live,ETF,40,NEUTRAL,NASDAQ
2026-08-28T09:22:27.663722+09:00,2026-08-28,FQAL,Fidelity Quality Factor ETF,US,미분류,2026-08-27,85.03,58761,35478.05,0.4391,1460314658,58,60,,,63,1,WATCH,0.47,6,False,live,ETF,70,NEUTRAL,AMEX
2026-08-28T09:22:27.663722+09:00,2026-08-28,FXL,First Trust Technology AlphaDEX Fund,US,IT,2026-08-27,219.58,12016,25790.8,3.8493,1457472570,58,60,,,46,0,HOLD,0.02,0,False,live,ETF,28,NEUTRAL,AMEX
2026-08-28T09:22:27.663722+09:00,2026-08-28,FWD,Alliance Bernstein - AB Disruptors ETF,US,미분류,2026-08-27,130.56,149765,246718.25,2.1339,1454433569,28,60,,,32,0,AVOID,-0.77,-9,True,live,ETF,38,NEUTRAL,AMEX
2026-08-28T09:22:27.663722+09:00,2026-08-28,FGD,First Trust Dow Jones Global Select Divi,US,미분류,2026-08-27,35.62,154733,136101.65,0.215,1449784082,69,60,,,73,1,WATCH,0.86,10,False,live,ETF,79,NEUTRAL,AMEX
2026-08-28T09:22:27.663722+09:00,2026-08-28,EXI,iShares Global Industrials ETF,US,산업재,2026-08-27,201.11,33191,31914.55,1.8057,1448051128,40,60,,,45,0,HOLD,-0.17,-2,False,live,ETF,52,NEUTRAL,AMEX
2026-08-28T09:22:27.663722+09:00,2026-08-28,XHB,State Street SPDR S&P Homebuilders ETF,US,미분류,2026-08-27,104.52,1275358,1682077.9,2.2107,1447612452,28,60,,,29,0,AVOID,-0.72,-9,True,live,ETF,30,NEUTRAL,AMEX
2026-08-28T09:22:27.663722+09:00,2026-08-28,SMIG,Bahl & Gaynor Small/Mid Cap Income Growt,US,미분류,2026-08-27,32.84,134529,234201.45,0.3074,1446148315,46,60,,,50,0,HOLD,0.01,0,False,live,ETF,55,NEUTRAL,AMEX
2026-08-28T09:22:27.663722+09:00,2026-08-28,FNX,First Trust Mid Cap Core AlphaDEX Fund,US,미분류,2026-08-27,145.7842,7527,9761.35,0.9743,1437646806,43,60,,,42,0,AVOID,-0.22,-3,True,live,ETF,40,NEUTRAL,NASDAQ
2026-08-28T09:22:27.663722+09:00,2026-08-28,TDVG,T. Rowe Price Dividend Growth ETF,US,미분류,2026-08-27,50.07,37778,64038.9,0.2824,1437009000,40,60,,,28,0,AVOID,-0.59,-7,True,live,ETF,11,NEUTRAL,AMEX
2026-08-28T09:22:27.663722+09:00,2026-08-28,EQTY,Kovitz Core Equity ETF,US,미분류,2026-08-27,29.9222,13963,15303.15,0.1769,1434018269,62,60,,,53,0,HOLD,0.29,3,False,live,ETF,40,NEUTRAL,AMEX
2026-08-28T09:22:27.663722+09:00,2026-08-28,SQS,Sapient Quality Select ETF,US,미분류,2026-08-27,28.2935,11125,12576.25,0.1943,1424032141,43,60,,,42,0,AVOID,-0.28,-3,True,live,ETF,40,NEUTRAL,NASDAQ
2026-08-28T09:22:27.663722+09:00,2026-08-28,URNM,Sprott Uranium Miners ETF,US,에너지,2026-08-27,61.05,826332,593916.6,1.8982,1415709818,67,60,,,73,1,WATCH,0.74,9,False,live,ETF,81,NEUTRAL,AMEX
2026-08-28T09:22:27.663722+09:00,2026-08-28,IYK,iShares U.S. Consumer Staples ETF,US,소매,2026-08-27,74.69,112649,192872.45,0.835,1415354960,69,60,,,53,0,HOLD,0.31,4,False,live,ETF,28,NEUTRAL,AMEX
2026-08-28T09:22:27.663722+09:00,2026-08-28,DVGR,DAC 3D Dividend Growth ETF,US,미분류,2026-08-27,27.1719,28,1521.4,0.1217,1404614281,40,60,,,40,0,AVOID,-0.33,-4,True,live,ETF,40,NEUTRAL,NASDAQ
2026-08-28T09:22:27.663722+09:00,2026-08-28,FDLO,Fidelity Low Volatility Factor ETF ,US,미분류,2026-08-27,72.8,48702,47695.1,0.4596,1390909025,43,60,,,51,0,HOLD,0.03,0,False,live,ETF,64,NEUTRAL,AMEX
2026-08-28T09:22:27.663722+09:00,2026-08-28,IAI,iShares U.S. Broker-Dealers & Securities,US,금융,2026-08-27,195.35,118677,72623.85,2.3818,1390652306,81,60,,,55,1,HOLD,0.5,6,False,live,ETF,16,NEUTRAL,AMEX
2026-08-28T09:22:27.663722+09:00,2026-08-28,IDVO,Amplify CWP International Enhanced Divid,US,미분류,2026-08-27,43.24,261107,252390.35,0.3648,1390270425,58,60,,,56,0,HOLD,0.26,3,False,live,ETF,52,NEUTRAL,AMEX
2026-08-28T09:22:27.663722+09:00,2026-08-28,FYX,First Trust Small Cap Core AlphaDEX Fund,US,미분류,2026-08-27,143.62,39200,28645.0,1.1654,1387209351,47,60,,,50,0,HOLD,0.08,1,False,live,ETF,55,NEUTRAL,NASDAQ
2026-08-28T09:22:27.663722+09:00,2026-08-28,RYLD,Global X - Russell 2000 Covered Call ETF,US,미분류,2026-08-27,16.31,551171,431078.55,0.0473,1384250544,59,60,,,69,1,WATCH,0.68,8,False,live,ETF,85,NEUTRAL,AMEX
2026-08-28T09:22:27.663722+09:00,2026-08-28,PTNQ,Pacer Trendpilot 100 ETF,US,미분류,2026-08-27,86.9374,21935,48046.75,0.9256,1364130744,58,60,,,51,0,HOLD,0.07,1,False,live,ETF,41,NEUTRAL,NASDAQ
2026-08-28T09:22:27.663722+09:00,2026-08-28,SDOG,ALPS Sector Dividend Dogs ETF,US,미분류,2026-08-27,73.61,18807,26145.35,0.6063,1357062403,69,60,,,57,0,HOLD,0.48,6,False,live,ETF,40,NEUTRAL,AMEX
2026-08-28T09:22:27.663722+09:00,2026-08-28,FTA,First Trust Large Cap Value AlphaDEX Fun,US,미분류,2026-08-27,103.2786,12697,24004.85,0.7993,1357009025,69,60,,,73,1,WATCH,0.89,11,False,live,ETF,79,NEUTRAL,NASDAQ
2026-08-28T09:22:27.663722+09:00,2026-08-28,TMSL,T. Rowe Price Small-Mid Cap ETF,US,미분류,2026-08-27,43.51,353225,445556.25,0.4177,1346241387,40,60,,,30,0,AVOID,-0.54,-6,True,live,ETF,16,NEUTRAL,AMEX
2026-08-28T09:22:27.663722+09:00,2026-08-28,FYC,First Trust Small Cap Growth AlphaDEX Fu,US,미분류,2026-08-27,122.56,86131,92856.55,1.1671,1342032735,62,60,,,56,0,HOLD,0.35,4,False,live,ETF,48,NEUTRAL,NASDAQ
2026-08-28T09:22:27.663722+09:00,2026-08-28,AVIV,Avantis International Large Cap Value ET,US,미분류,2026-08-27,83.26,66617,105710.85,0.4849,1321672903,62,60,,,59,0,HOLD,0.42,5,False,live,ETF,55,NEUTRAL,AMEX
2026-08-28T09:22:27.663722+09:00,2026-08-28,BKIE,BNY Mellon International Equity ETF,US,미분류,2026-08-27,34.7801,61760,106028.0,0.2464,1316353734,62,60,,,62,0,HOLD,0.5,6,False,live,ETF,63,NEUTRAL,AMEX
2026-08-28T09:22:27.663722+09:00,2026-08-28,FTGS,First Trust Growth Strength ETF,US,미분류,2026-08-27,39.6961,51613,109800.65,0.2908,1296796164,62,60,,,57,0,HOLD,0.37,4,False,live,ETF,50,NEUTRAL,NASDAQ
2026-08-28T09:22:27.663722+09:00,2026-08-28,FVAL,Fidelity Value Factor ETF,US,미분류,2026-08-27,82.8011,42018,54785.9,0.5179,1292303865,58,60,,,53,0,HOLD,0.2,2,False,live,ETF,46,NEUTRAL,AMEX
2026-08-28T09:22:27.663722+09:00,2026-08-28,ILCV,iShares Morningstar Value ETF,US,미분류,2026-08-27,108.22,7630,20656.5,0.6157,1286325971,69,60,,,73,1,WATCH,0.86,10,False,live,ETF,79,NEUTRAL,AMEX
2026-08-28T09:22:27.663722+09:00,2026-08-28,BLOK,Amplify Blockchain Technology ETF,US,미분류,2026-08-27,64.91,97903,174540.15,1.5757,1273704719,69,60,,,52,0,HOLD,0.17,2,False,live,ETF,27,NEUTRAL,AMEX
2026-08-28T09:22:27.663722+09:00,2026-08-28,RWK,Invesco S&P MidCap 400 Revenue ETF,US,미분류,2026-08-27,148.826,9330,24031.5,1.2564,1273457369,44,60,,,47,0,HOLD,-0.05,-1,False,live,ETF,52,NEUTRAL,AMEX
2026-08-28T09:22:27.663722+09:00,2026-08-28,TAN,Invesco Solar ETF,US,IT,2026-08-27,49.74,371517,1166605.85,1.2,1265762629,15,60,,,16,0,AVOID,-1.4,-15,True,live,ETF,17,NEUTRAL,AMEX
2026-08-28T09:22:27.663722+09:00,2026-08-28,DMXF,iShares ESG Advanced MSCI EAFE ETF,US,미분류,2026-08-27,87.01,51519,24785.95,0.7056,1253798612,62,60,,,48,0,HOLD,0.12,1,False,live,ETF,26,NEUTRAL,NASDAQ
2026-08-28T09:22:27.663722+09:00,2026-08-28,FEGE,First Eagle Global Equity ETF,US,미분류,2026-08-27,53.28,301239,336361.95,0.4356,1246877528,91,60,,,89,2,STRONG_BUY,1.48,18,True,live,ETF,87,NEUTRAL,NYSE
2026-08-28T09:22:27.663722+09:00,2026-08-28,EDIV,State Street SPDR S&P Emerging Markets D,US,미분류,2026-08-27,42.03,69465,96798.25,0.2779,1231830035,80,60,,,60,1,WATCH,0.55,7,False,live,ETF,29,NEUTRAL,AMEX
2026-08-28T09:22:27.663722+09:00,2026-08-28,RWO,State Street SPDR Dow Jones Global Real ,US,리츠,2026-08-27,50.2552,31155,190672.75,0.4536,1231625310,43,60,,,30,0,AVOID,-0.54,-6,True,live,ETF,11,NEUTRAL,AMEX
2026-08-28T09:22:27.663722+09:00,2026-08-28,PSC,Principal U.S. Small-Cap Multi-Factor ET,US,미분류,2026-08-27,69.97,61815,147605.75,0.5679,1227330826,62,60,,,73,1,WATCH,0.79,9,False,live,ETF,90,NEUTRAL,NASDAQ
2026-08-28T09:22:27.663722+09:00,2026-08-28,JHMD,John Hancock Investments - Multifactor D,US,미분류,2026-08-27,46.34,60460,85843.0,0.3368,1215268307,55,60,,,65,1,WATCH,0.48,6,False,live,ETF,79,NEUTRAL,AMEX
2026-08-28T09:22:27.663722+09:00,2026-08-28,XXX,CYBER HORNET S&P 500 and XRP 75/25 Strat,US,미분류,2026-08-27,22.0379,1341,1807.05,0.3099,1207958939,66,60,,,56,0,HOLD,0.36,4,False,live,ETF,40,NEUTRAL,NASDAQ
2026-08-28T09:22:27.663722+09:00,2026-08-28,DVYE,iShares Emerging Markets Dividend ETF,US,미분류,2026-08-27,35.26,77629,113001.45,0.333,1205945807,91,60,,,73,1,WATCH,1.04,12,False,live,ETF,47,NEUTRAL,AMEX
2026-08-28T09:22:27.663722+09:00,2026-08-28,SDIV,Global X - SuperDividend ETF,US,미분류,2026-08-27,24.9,301553,381412.65,0.1893,1196740663,80,60,,,77,2,BUY,0.99,12,False,live,ETF,72,NEUTRAL,AMEX
2026-08-28T09:22:27.663722+09:00,2026-08-28,WINN,Harbor Long-Term Growers ETF (WINN),US,미분류,2026-08-27,33.89,115349,108647.45,0.3057,1191902963,58,60,,,61,0,HOLD,0.37,4,False,live,ETF,66,NEUTRAL,NYSE
2026-08-28T09:22:27.663722+09:00,2026-08-28,IYC,iShares U.S. Consumer Discretionary ETF,US,소비재,2026-08-27,100.99,74417,92035.85,1.1336,1191662913,43,60,,,51,0,HOLD,-0.05,-1,False,live,ETF,64,NEUTRAL,AMEX
2026-08-28T09:22:27.663722+09:00,2026-08-28,SUSL,iShares ESG MSCI USA Leaders ETF,US,미분류,2026-08-27,138.8506,16539,26176.95,0.9264,1186932557,58,60,,,43,0,AVOID,-0.06,-1,True,live,ETF,20,NEUTRAL,NASDAQ
2026-08-28T09:22:27.663722+09:00,2026-08-28,IHE,iShares U.S. Pharmaceuticals ETF,US,제약/바이오,2026-08-27,104.73,741899,236549.95,1.7736,1185244701,69,65,,,71,1,WATCH,0.92,11,False,live,ETF,75,NEUTRAL,AMEX
2026-08-28T09:22:27.663722+09:00,2026-08-28,PRMR,PeakShares RMR Prime Equity ETF,US,미분류,2026-08-27,28.8947,6513,10310.65,0.1636,1180926447,55,60,,,49,0,HOLD,0.09,1,False,live,ETF,40,NEUTRAL,NASDAQ
2026-08-28T09:22:27.663722+09:00,2026-08-28,FREL,Fidelity MSCI Real Estate Index ETF,US,리츠,2026-08-27,29.64,321658,352872.9,0.2961,1177990641,43,60,,,36,0,AVOID,-0.38,-5,True,live,ETF,26,NEUTRAL,AMEX
2026-08-28T09:22:27.663722+09:00,2026-08-28,QQQJ,Invesco NASDAQ Next Gen 100 ETF,US,미분류,2026-08-27,46.32,122210,146645.5,0.4151,1173624384,58,60,,,49,0,HOLD,0.08,1,False,live,ETF,35,NEUTRAL,NASDAQ
2026-08-28T09:22:27.663722+09:00,2026-08-28,PEY,Invesco High Yield Equity Dividend Achie,US,미분류,2026-08-27,25.06,296715,282440.75,0.2616,1170866126,62,60,,,67,1,WATCH,0.72,9,False,live,ETF,75,NEUTRAL,NASDAQ
2026-08-28T09:22:27.663722+09:00,2026-08-28,CRBN,iShares Low Carbon Optimized MSCI ACWI E,US,미분류,2026-08-27,260.87,5829,5716.45,1.6474,1166821423,58,60,,,51,0,HOLD,0.13,2,False,live,ETF,40,NEUTRAL,AMEX
2026-08-28T09:22:27.663722+09:00,2026-08-28,UFO,Procure Space ETF,US,미분류,2026-08-27,44.84,154017,325205.85,0.9928,1166432874,22,60,,,28,0,AVOID,-1.02,-12,True,live,ETF,37,NEUTRAL,NASDAQ
2026-08-28T09:22:27.663722+09:00,2026-08-28,IQDF,Northern Trust International Quality Div,US,미분류,2026-08-27,35.951,46746,32117.3,0.275,1161343632,87,60,,,68,1,WATCH,0.87,10,False,live,ETF,40,NEUTRAL,AMEX
2026-08-28T09:22:27.663722+09:00,2026-08-28,JSMD,Janus Henderson Small/Mid Cap Growth Alp,US,미분류,2026-08-27,95.03,45550,54967.5,1.1328,1156840293,28,60,,,24,0,AVOID,-0.88,-11,True,live,ETF,18,NEUTRAL,NASDAQ
2026-08-28T09:22:27.663722+09:00,2026-08-28,STXF,Strive 500 ETF,US,미분류,2026-08-27,49.87,39637,55056.85,0.292,1154502618,58,60,,,49,0,HOLD,0.07,1,False,live,ETF,35,NEUTRAL,NYSE
2026-08-28T09:22:27.663722+09:00,2026-08-28,LGLV,State Street SPDR US Large Cap Low Volat,US,미분류,2026-08-27,187.53,11822,18696.1,1.2786,1143787102,50,60,,,43,0,AVOID,-0.1,-1,True,live,ETF,32,NEUTRAL,AMEX
2026-08-28T09:22:27.663722+09:00,2026-08-28,DFSI,Dimensional International Sustainability,US,미분류,2026-08-27,47.46,36180,46364.0,0.3978,1142743921,58,60,,,57,0,HOLD,0.33,4,False,live,ETF,56,NEUTRAL,AMEX
2026-08-28T09:22:27.663722+09:00,2026-08-28,WSGE,Warren Street Global Equity ETF,US,미분류,2026-08-27,28.8617,5473,2203.65,0.1183,1111700213,51,60,,,47,0,HOLD,-0.04,0,False,live,ETF,40,NEUTRAL,NASDAQ
2026-08-28T09:22:27.663722+09:00,2026-08-28,IMCV,iShares Morningstar Mid-Cap Value ETF,US,미분류,2026-08-27,97.8853,21867,23118.35,0.715,1110283788,69,60,,,75,1,WATCH,0.96,12,False,live,ETF,85,NEUTRAL,NASDAQ
2026-08-28T09:22:27.663722+09:00,2026-08-28,EWS,iShares MSCI Singapore ETF,US,미분류,2026-08-27,33.98,1483653,1012397.65,0.3157,1106132693,69,60,,,76,1,WATCH,1.05,13,False,live,ETF,87,NEUTRAL,AMEX
2026-08-28T09:22:27.663722+09:00,2026-08-28,OAKM,Oakmark U.S. Large Cap ETF,US,미분류,2026-08-27,31.64,185972,176333.6,0.3111,1098907096,81,60,,,83,2,STRONG_BUY,1.29,15,False,live,ETF,85,NEUTRAL,AMEX
2026-08-28T09:22:27.663722+09:00,2026-08-28,GSSC,Goldman Sachs ActiveBeta U.S. Small Cap ,US,미분류,2026-08-27,91.24,43727,38356.35,0.7279,1090289989,47,60,,,57,1,HOLD,0.24,3,False,live,ETF,72,NEUTRAL,AMEX
2026-08-28T09:22:27.663722+09:00,2026-08-28,MODL,VictoryShares WestEnd U.S. Sector ETF,US,미분류,2026-08-27,53.2055,39335,44011.75,0.3157,1067625819,65,60,,,59,0,HOLD,0.41,5,False,live,ETF,49,NEUTRAL,NASDAQ
2026-08-28T09:22:27.663722+09:00,2026-08-28,DLS,WisdomTree International SmallCap Divide,US,미분류,2026-08-27,89.4959,11717,15690.85,0.5646,1066547762,87,60,,,68,1,WATCH,0.85,10,False,live,ETF,40,NEUTRAL,AMEX
2026-08-28T09:22:27.663722+09:00,2026-08-28,EIPI,FT Energy Income Partners Enhanced Incom,US,미분류,2026-08-27,22.68,41544,67847.2,0.2187,1060935813,91,60,,,71,1,WATCH,0.97,12,False,live,ETF,40,NEUTRAL,AMEX
2026-08-28T09:22:27.663722+09:00,2026-08-28,EMCS,Xtrackers MSCI Emerging Markets Climate ,US,미분류,2026-08-27,45.8771,1832,30296.6,0.7446,1057690961,69,60,,,57,0,HOLD,0.36,4,False,live,ETF,40,NEUTRAL,AMEX
2026-08-28T09:22:27.663722+09:00,2026-08-28,IYM,iShares U.S. Basic Materials ETF,US,소재,2026-08-27,195.74,275451,181582.55,2.8507,1057007157,91,60,,,73,1,WATCH,1.05,13,False,live,ETF,46,NEUTRAL,AMEX
2026-08-28T09:22:27.663722+09:00,2026-08-28,EWI,iShares MSCI Italy ETF,US,미분류,2026-08-27,62.18,122721,420061.05,0.3914,1054012061,39,60,,,33,0,AVOID,-0.46,-6,True,live,ETF,23,NEUTRAL,AMEX
2026-08-28T09:22:27.663722+09:00,2026-08-28,JHEM,John Hancock Multifactor Emerging Market,US,미분류,2026-08-27,40.24,60656,47107.8,0.4721,1053900521,87,60,,,68,1,WATCH,0.79,9,False,live,ETF,40,NEUTRAL,AMEX
2026-08-28T09:22:27.663722+09:00,2026-08-28,QEFA,State Street SPDR MSCI EAFE StrategicFac,US,미분류,2026-08-27,101.457,17444,19582.2,0.6047,1053008813,62,60,,,53,0,HOLD,0.26,3,False,live,ETF,40,NEUTRAL,AMEX
2026-08-28T09:22:27.663722+09:00,2026-08-28,CHPY,YieldMax Semiconductor Portfolio Option ,US,미분류,2026-08-27,68.15,493025,535201.25,1.9038,1050665688,28,60,,,33,0,AVOID,-0.72,-9,True,live,ETF,41,NEUTRAL,AMEX
2026-08-28T09:22:27.663722+09:00,2026-08-28,CGW,Invesco S&P Global Water Index ETF,US,미분류,2026-08-27,65.3625,15826,20191.3,0.5757,1047629478,40,60,,,40,0,AVOID,-0.29,-3,True,live,ETF,40,NEUTRAL,AMEX
2026-08-28T09:22:27.663722+09:00,2026-08-28,LRGC,AB US Large Cap Strategic Equities ETF,US,미분류,2026-08-27,86.62,24026,38706.3,0.4205,1041991219,40,60,,,50,0,HOLD,-0.05,-1,False,live,ETF,64,NEUTRAL,AMEX
2026-08-28T09:22:27.663722+09:00,2026-08-28,SPHB,Invesco S&P 500 High Beta ETF,US,미분류,2026-08-27,149.54,295709,236385.45,2.4543,1040782250,80,60,,,62,1,WATCH,0.57,7,False,live,ETF,35,NEUTRAL,AMEX
2026-08-28T09:22:27.663722+09:00,2026-08-28,DSPY,Tema S&P 500 Historical Weight ETF Strat,US,미분류,2026-08-27,67.33,6979,5553.95,0.3608,1040100374,58,60,,,51,0,HOLD,0.14,2,False,live,ETF,40,NEUTRAL,AMEX
2026-08-28T09:22:27.663722+09:00,2026-08-28,FTXH,First Trust Nasdaq Pharmaceuticals ETF,US,제약/바이오,2026-08-27,42.0,325765,154263.25,0.6973,1039455858,95,65,,,90,2,STRONG_BUY,1.64,20,True,live,ETF,82,NEUTRAL,NASDAQ
2026-08-28T09:22:27.663722+09:00,2026-08-28,FTXR,First Trust Nasdaq Transportation ETF,US,산업재,2026-08-27,44.1409,8016,42625.8,0.4501,1032838397,28,60,,,33,0,AVOID,-0.66,-8,True,live,ETF,40,NEUTRAL,NASDAQ
2026-08-28T09:22:27.663722+09:00,2026-08-28,REMX,VanEck Rare Earth and Strategic Metals E,US,소재,2026-08-27,79.25,368139,713971.95,2.1354,1030434256,62,60,,,53,0,HOLD,-0.01,0,False,live,ETF,40,NEUTRAL,AMEX
2026-08-28T09:22:27.663722+09:00,2026-08-28,ISCG,iShares Morningstar Small-Cap Growth ETF,US,미분류,2026-08-27,65.14,35221,19101.05,0.5713,1030355989,58,60,,,51,0,HOLD,0.14,2,False,live,ETF,40,NEUTRAL,AMEX
2026-08-28T09:22:27.663722+09:00,2026-08-28,XLSR,State Street US Sector Rotation ETF,US,미분류,2026-08-27,66.48,43581,42164.05,0.432,1019893081,58,60,,,39,0,AVOID,-0.21,-3,True,live,ETF,11,NEUTRAL,AMEX
2026-08-28T09:22:27.663722+09:00,2026-08-28,FXH,First Trust Health Care AlphaDEX Fund,US,제약/바이오,2026-08-27,134.339,132586,55224.3,1.3182,1014262409,91,65,,,71,1,WATCH,1.1,13,False,live,ETF,40,NEUTRAL,AMEX
2026-08-28T09:22:27.663722+09:00,2026-08-28,HAUZ,Xtrackers International Real Estate ETF,US,리츠,2026-08-27,22.855,70484,86394.2,0.1783,1005218937,40,60,,,40,0,AVOID,-0.36,-4,True,live,ETF,40,NEUTRAL,AMEX
2026-08-28T09:22:27.663722+09:00,2026-08-28,BUG,Global X - Cybersecurity ETF,US,IT,2026-08-27,44.14,2391338,1227926.9,1.5656,1003041465,70,60,,,70,2,BUY,0.91,11,False,live,ETF,71,NEUTRAL,NASDAQ
2026-08-28T09:22:27.663722+09:00,2026-08-28,KXI,iShares Global Consumer Staples ETF,US,소매,2026-08-27,68.48,97290,95289.5,0.7429,1002672313,46,60,,,49,0,HOLD,-0.03,0,False,live,ETF,53,NEUTRAL,AMEX
